"Program","Year","Period","Week Ending","Geo Level","State","State ANSI","Ag District","Ag District Code","County","County ANSI","Zip Code","Region","watershed_code","Watershed","Commodity","Data Item","Domain","Domain Category","Value","CV (%)"
"SURVEY","2014","YEAR","","COUNTY","IOWA","19","CENTRAL","50","BOONE","015","","","00000000","","CORN","CORN, GRAIN - YIELD, MEASURED IN BU / ACRE","TOTAL","NOT SPECIFIED","180.9",""
"SURVEY","2014","YEAR","","COUNTY","IOWA","19","CENTRAL","50","DALLAS","049","","","00000000","","CORN","CORN, GRAIN - YIELD, MEASURED IN BU / ACRE","TOTAL","NOT SPECIFIED","195.5",""
"SURVEY","2014","YEAR","","COUNTY","IOWA","19","CENTRAL","50","GRUNDY","075","","","00000000","","CORN","CORN, GRAIN - YIELD, MEASURED IN BU / ACRE","TOTAL","NOT SPECIFIED","182.4",""
"SURVEY","2014","YEAR","","COUNTY","IOWA","19","CENTRAL","50","HAMILTON","079","","","00000000","","CORN","CORN, GRAIN - YIELD, MEASURED IN BU / ACRE","TOTAL","NOT SPECIFIED","173.1",""
"SURVEY","2014","YEAR","","COUNTY","IOWA","19","CENTRAL","50","HARDIN","083","","","00000000","","CORN","CORN, GRAIN - YIELD, MEASURED IN BU / ACRE","TOTAL","NOT SPECIFIED","166.3",""
"SURVEY","2014","YEAR","","COUNTY","IOWA","19","CENTRAL","50","JASPER","099","","","00000000","","CORN","CORN, GRAIN - YIELD, MEASURED IN BU / ACRE","TOTAL","NOT SPECIFIED","191.5",""
"SURVEY","2014","YEAR","","COUNTY","IOWA","19","CENTRAL","50","MARSHALL","127","","","00000000","","CORN","CORN, GRAIN - YIELD, MEASURED IN BU / ACRE","TOTAL","NOT SPECIFIED","190.5",""
"SURVEY","2014","YEAR","","COUNTY","IOWA","19","CENTRAL","50","POLK","153","","","00000000","","CORN","CORN, GRAIN - YIELD, MEASURED IN BU / ACRE","TOTAL","NOT SPECIFIED","181.4",""
"SURVEY","2014","YEAR","","COUNTY","IOWA","19","CENTRAL","50","POWESHIEK","157","","","00000000","","CORN","CORN, GRAIN - YIELD, MEASURED IN BU / ACRE","TOTAL","NOT SPECIFIED","188.4",""
"SURVEY","2014","YEAR","","COUNTY","IOWA","19","CENTRAL","50","STORY","169","","","00000000","","CORN","CORN, GRAIN - YIELD, MEASURED IN BU / ACRE","TOTAL","NOT SPECIFIED","169.9",""
"SURVEY","2014","YEAR","","COUNTY","IOWA","19","CENTRAL","50","TAMA","171","","","00000000","","CORN","CORN, GRAIN - YIELD, MEASURED IN BU / ACRE","TOTAL","NOT SPECIFIED","182.7",""
"SURVEY","2014","YEAR","","COUNTY","IOWA","19","CENTRAL","50","WEBSTER","187","","","00000000","","CORN","CORN, GRAIN - YIELD, MEASURED IN BU / ACRE","TOTAL","NOT SPECIFIED","190",""
"SURVEY","2014","YEAR","","COUNTY","IOWA","19","EAST CENTRAL","60","BENTON","011","","","00000000","","CORN","CORN, GRAIN - YIELD, MEASURED IN BU / ACRE","TOTAL","NOT SPECIFIED","185.4",""
"SURVEY","2014","YEAR","","COUNTY","IOWA","19","EAST CENTRAL","60","CEDAR","031","","","00000000","","CORN","CORN, GRAIN - YIELD, MEASURED IN BU / ACRE","TOTAL","NOT SPECIFIED","184.1",""
"SURVEY","2014","YEAR","","COUNTY","IOWA","19","EAST CENTRAL","60","CLINTON","045","","","00000000","","CORN","CORN, GRAIN - YIELD, MEASURED IN BU / ACRE","TOTAL","NOT SPECIFIED","197",""
"SURVEY","2014","YEAR","","COUNTY","IOWA","19","EAST CENTRAL","60","IOWA","095","","","00000000","","CORN","CORN, GRAIN - YIELD, MEASURED IN BU / ACRE","TOTAL","NOT SPECIFIED","192.1",""
"SURVEY","2014","YEAR","","COUNTY","IOWA","19","EAST CENTRAL","60","JACKSON","097","","","00000000","","CORN","CORN, GRAIN - YIELD, MEASURED IN BU / ACRE","TOTAL","NOT SPECIFIED","188.9",""
"SURVEY","2014","YEAR","","COUNTY","IOWA","19","EAST CENTRAL","60","JOHNSON","103","","","00000000","","CORN","CORN, GRAIN - YIELD, MEASURED IN BU / ACRE","TOTAL","NOT SPECIFIED","184.6",""
"SURVEY","2014","YEAR","","COUNTY","IOWA","19","EAST CENTRAL","60","JONES","105","","","00000000","","CORN","CORN, GRAIN - YIELD, MEASURED IN BU / ACRE","TOTAL","NOT SPECIFIED","180.1",""
"SURVEY","2014","YEAR","","COUNTY","IOWA","19","EAST CENTRAL","60","LINN","113","","","00000000","","CORN","CORN, GRAIN - YIELD, MEASURED IN BU / ACRE","TOTAL","NOT SPECIFIED","176.1",""
"SURVEY","2014","YEAR","","COUNTY","IOWA","19","EAST CENTRAL","60","MUSCATINE","139","","","00000000","","CORN","CORN, GRAIN - YIELD, MEASURED IN BU / ACRE","TOTAL","NOT SPECIFIED","188.1",""
"SURVEY","2014","YEAR","","COUNTY","IOWA","19","EAST CENTRAL","60","SCOTT","163","","","00000000","","CORN","CORN, GRAIN - YIELD, MEASURED IN BU / ACRE","TOTAL","NOT SPECIFIED","194.5",""
"SURVEY","2014","YEAR","","COUNTY","IOWA","19","NORTH CENTRAL","20","BUTLER","023","","","00000000","","CORN","CORN, GRAIN - YIELD, MEASURED IN BU / ACRE","TOTAL","NOT SPECIFIED","167.7",""
"SURVEY","2014","YEAR","","COUNTY","IOWA","19","NORTH CENTRAL","20","CERRO GORDO","033","","","00000000","","CORN","CORN, GRAIN - YIELD, MEASURED IN BU / ACRE","TOTAL","NOT SPECIFIED","168.3",""
"SURVEY","2014","YEAR","","COUNTY","IOWA","19","NORTH CENTRAL","20","FLOYD","067","","","00000000","","CORN","CORN, GRAIN - YIELD, MEASURED IN BU / ACRE","TOTAL","NOT SPECIFIED","162.8",""
"SURVEY","2014","YEAR","","COUNTY","IOWA","19","NORTH CENTRAL","20","FRANKLIN","069","","","00000000","","CORN","CORN, GRAIN - YIELD, MEASURED IN BU / ACRE","TOTAL","NOT SPECIFIED","165.8",""
"SURVEY","2014","YEAR","","COUNTY","IOWA","19","NORTH CENTRAL","20","HANCOCK","081","","","00000000","","CORN","CORN, GRAIN - YIELD, MEASURED IN BU / ACRE","TOTAL","NOT SPECIFIED","173.9",""
"SURVEY","2014","YEAR","","COUNTY","IOWA","19","NORTH CENTRAL","20","HUMBOLDT","091","","","00000000","","CORN","CORN, GRAIN - YIELD, MEASURED IN BU / ACRE","TOTAL","NOT SPECIFIED","176.9",""
"SURVEY","2014","YEAR","","COUNTY","IOWA","19","NORTH CENTRAL","20","KOSSUTH","109","","","00000000","","CORN","CORN, GRAIN - YIELD, MEASURED IN BU / ACRE","TOTAL","NOT SPECIFIED","176.6",""
"SURVEY","2014","YEAR","","COUNTY","IOWA","19","NORTH CENTRAL","20","MITCHELL","131","","","00000000","","CORN","CORN, GRAIN - YIELD, MEASURED IN BU / ACRE","TOTAL","NOT SPECIFIED","175.1",""
"SURVEY","2014","YEAR","","COUNTY","IOWA","19","NORTH CENTRAL","20","WINNEBAGO","189","","","00000000","","CORN","CORN, GRAIN - YIELD, MEASURED IN BU / ACRE","TOTAL","NOT SPECIFIED","172.7",""
"SURVEY","2014","YEAR","","COUNTY","IOWA","19","NORTH CENTRAL","20","WORTH","195","","","00000000","","CORN","CORN, GRAIN - YIELD, MEASURED IN BU / ACRE","TOTAL","NOT SPECIFIED","181.5",""
"SURVEY","2014","YEAR","","COUNTY","IOWA","19","NORTH CENTRAL","20","WRIGHT","197","","","00000000","","CORN","CORN, GRAIN - YIELD, MEASURED IN BU / ACRE","TOTAL","NOT SPECIFIED","169.4",""
"SURVEY","2014","YEAR","","COUNTY","IOWA","19","NORTHEAST","30","ALLAMAKEE","005","","","00000000","","CORN","CORN, GRAIN - YIELD, MEASURED IN BU / ACRE","TOTAL","NOT SPECIFIED","175.6",""
"SURVEY","2014","YEAR","","COUNTY","IOWA","19","NORTHEAST","30","BLACK HAWK","013","","","00000000","","CORN","CORN, GRAIN - YIELD, MEASURED IN BU / ACRE","TOTAL","NOT SPECIFIED","165.2",""
"SURVEY","2014","YEAR","","COUNTY","IOWA","19","NORTHEAST","30","BREMER","017","","","00000000","","CORN","CORN, GRAIN - YIELD, MEASURED IN BU / ACRE","TOTAL","NOT SPECIFIED","159",""
"SURVEY","2014","YEAR","","COUNTY","IOWA","19","NORTHEAST","30","BUCHANAN","019","","","00000000","","CORN","CORN, GRAIN - YIELD, MEASURED IN BU / ACRE","TOTAL","NOT SPECIFIED","169.3",""
"SURVEY","2014","YEAR","","COUNTY","IOWA","19","NORTHEAST","30","CHICKASAW","037","","","00000000","","CORN","CORN, GRAIN - YIELD, MEASURED IN BU / ACRE","TOTAL","NOT SPECIFIED","157.6",""
"SURVEY","2014","YEAR","","COUNTY","IOWA","19","NORTHEAST","30","CLAYTON","043","","","00000000","","CORN","CORN, GRAIN - YIELD, MEASURED IN BU / ACRE","TOTAL","NOT SPECIFIED","176.7",""
"SURVEY","2014","YEAR","","COUNTY","IOWA","19","NORTHEAST","30","DELAWARE","055","","","00000000","","CORN","CORN, GRAIN - YIELD, MEASURED IN BU / ACRE","TOTAL","NOT SPECIFIED","174.9",""
"SURVEY","2014","YEAR","","COUNTY","IOWA","19","NORTHEAST","30","DUBUQUE","061","","","00000000","","CORN","CORN, GRAIN - YIELD, MEASURED IN BU / ACRE","TOTAL","NOT SPECIFIED","184.9",""
"SURVEY","2014","YEAR","","COUNTY","IOWA","19","NORTHEAST","30","FAYETTE","065","","","00000000","","CORN","CORN, GRAIN - YIELD, MEASURED IN BU / ACRE","TOTAL","NOT SPECIFIED","170.9",""
"SURVEY","2014","YEAR","","COUNTY","IOWA","19","NORTHEAST","30","HOWARD","089","","","00000000","","CORN","CORN, GRAIN - YIELD, MEASURED IN BU / ACRE","TOTAL","NOT SPECIFIED","164.4",""
"SURVEY","2014","YEAR","","COUNTY","IOWA","19","NORTHEAST","30","WINNESHIEK","191","","","00000000","","CORN","CORN, GRAIN - YIELD, MEASURED IN BU / ACRE","TOTAL","NOT SPECIFIED","174",""
"SURVEY","2014","YEAR","","COUNTY","IOWA","19","NORTHWEST","10","BUENA VISTA","021","","","00000000","","CORN","CORN, GRAIN - YIELD, MEASURED IN BU / ACRE","TOTAL","NOT SPECIFIED","172.1",""
"SURVEY","2014","YEAR","","COUNTY","IOWA","19","NORTHWEST","10","CHEROKEE","035","","","00000000","","CORN","CORN, GRAIN - YIELD, MEASURED IN BU / ACRE","TOTAL","NOT SPECIFIED","183.6",""
"SURVEY","2014","YEAR","","COUNTY","IOWA","19","NORTHWEST","10","CLAY","041","","","00000000","","CORN","CORN, GRAIN - YIELD, MEASURED IN BU / ACRE","TOTAL","NOT SPECIFIED","166.3",""
"SURVEY","2014","YEAR","","COUNTY","IOWA","19","NORTHWEST","10","DICKINSON","059","","","00000000","","CORN","CORN, GRAIN - YIELD, MEASURED IN BU / ACRE","TOTAL","NOT SPECIFIED","157.9",""
"SURVEY","2014","YEAR","","COUNTY","IOWA","19","NORTHWEST","10","EMMET","063","","","00000000","","CORN","CORN, GRAIN - YIELD, MEASURED IN BU / ACRE","TOTAL","NOT SPECIFIED","165",""
"SURVEY","2014","YEAR","","COUNTY","IOWA","19","NORTHWEST","10","LYON","119","","","00000000","","CORN","CORN, GRAIN - YIELD, MEASURED IN BU / ACRE","TOTAL","NOT SPECIFIED","172.9",""
"SURVEY","2014","YEAR","","COUNTY","IOWA","19","NORTHWEST","10","O BRIEN","141","","","00000000","","CORN","CORN, GRAIN - YIELD, MEASURED IN BU / ACRE","TOTAL","NOT SPECIFIED","180.3",""
"SURVEY","2014","YEAR","","COUNTY","IOWA","19","NORTHWEST","10","OSCEOLA","143","","","00000000","","CORN","CORN, GRAIN - YIELD, MEASURED IN BU / ACRE","TOTAL","NOT SPECIFIED","175.4",""
"SURVEY","2014","YEAR","","COUNTY","IOWA","19","NORTHWEST","10","PALO ALTO","147","","","00000000","","CORN","CORN, GRAIN - YIELD, MEASURED IN BU / ACRE","TOTAL","NOT SPECIFIED","164.6",""
"SURVEY","2014","YEAR","","COUNTY","IOWA","19","NORTHWEST","10","PLYMOUTH","149","","","00000000","","CORN","CORN, GRAIN - YIELD, MEASURED IN BU / ACRE","TOTAL","NOT SPECIFIED","187.3",""
"SURVEY","2014","YEAR","","COUNTY","IOWA","19","NORTHWEST","10","POCAHONTAS","151","","","00000000","","CORN","CORN, GRAIN - YIELD, MEASURED IN BU / ACRE","TOTAL","NOT SPECIFIED","174.8",""
"SURVEY","2014","YEAR","","COUNTY","IOWA","19","NORTHWEST","10","SIOUX","167","","","00000000","","CORN","CORN, GRAIN - YIELD, MEASURED IN BU / ACRE","TOTAL","NOT SPECIFIED","187.4",""
"SURVEY","2014","YEAR","","COUNTY","IOWA","19","SOUTH CENTRAL","80","APPANOOSE","007","","","00000000","","CORN","CORN, GRAIN - YIELD, MEASURED IN BU / ACRE","TOTAL","NOT SPECIFIED","170.9",""
"SURVEY","2014","YEAR","","COUNTY","IOWA","19","SOUTH CENTRAL","80","CLARKE","039","","","00000000","","CORN","CORN, GRAIN - YIELD, MEASURED IN BU / ACRE","TOTAL","NOT SPECIFIED","162.2",""
"SURVEY","2014","YEAR","","COUNTY","IOWA","19","SOUTH CENTRAL","80","DECATUR","053","","","00000000","","CORN","CORN, GRAIN - YIELD, MEASURED IN BU / ACRE","TOTAL","NOT SPECIFIED","164",""
"SURVEY","2014","YEAR","","COUNTY","IOWA","19","SOUTH CENTRAL","80","LUCAS","117","","","00000000","","CORN","CORN, GRAIN - YIELD, MEASURED IN BU / ACRE","TOTAL","NOT SPECIFIED","153.7",""
"SURVEY","2014","YEAR","","COUNTY","IOWA","19","SOUTH CENTRAL","80","MADISON","121","","","00000000","","CORN","CORN, GRAIN - YIELD, MEASURED IN BU / ACRE","TOTAL","NOT SPECIFIED","171.4",""
"SURVEY","2014","YEAR","","COUNTY","IOWA","19","SOUTH CENTRAL","80","MARION","125","","","00000000","","CORN","CORN, GRAIN - YIELD, MEASURED IN BU / ACRE","TOTAL","NOT SPECIFIED","171.6",""
"SURVEY","2014","YEAR","","COUNTY","IOWA","19","SOUTH CENTRAL","80","MONROE","135","","","00000000","","CORN","CORN, GRAIN - YIELD, MEASURED IN BU / ACRE","TOTAL","NOT SPECIFIED","175.7",""
"SURVEY","2014","YEAR","","COUNTY","IOWA","19","SOUTH CENTRAL","80","RINGGOLD","159","","","00000000","","CORN","CORN, GRAIN - YIELD, MEASURED IN BU / ACRE","TOTAL","NOT SPECIFIED","166.4",""
"SURVEY","2014","YEAR","","COUNTY","IOWA","19","SOUTH CENTRAL","80","UNION","175","","","00000000","","CORN","CORN, GRAIN - YIELD, MEASURED IN BU / ACRE","TOTAL","NOT SPECIFIED","176.1",""
"SURVEY","2014","YEAR","","COUNTY","IOWA","19","SOUTH CENTRAL","80","WARREN","181","","","00000000","","CORN","CORN, GRAIN - YIELD, MEASURED IN BU / ACRE","TOTAL","NOT SPECIFIED","169.9",""
"SURVEY","2014","YEAR","","COUNTY","IOWA","19","SOUTH CENTRAL","80","WAYNE","185","","","00000000","","CORN","CORN, GRAIN - YIELD, MEASURED IN BU / ACRE","TOTAL","NOT SPECIFIED","171.9",""
"SURVEY","2014","YEAR","","COUNTY","IOWA","19","SOUTHEAST","90","DAVIS","051","","","00000000","","CORN","CORN, GRAIN - YIELD, MEASURED IN BU / ACRE","TOTAL","NOT SPECIFIED","184.2",""
"SURVEY","2014","YEAR","","COUNTY","IOWA","19","SOUTHEAST","90","DES MOINES","057","","","00000000","","CORN","CORN, GRAIN - YIELD, MEASURED IN BU / ACRE","TOTAL","NOT SPECIFIED","199",""
"SURVEY","2014","YEAR","","COUNTY","IOWA","19","SOUTHEAST","90","HENRY","087","","","00000000","","CORN","CORN, GRAIN - YIELD, MEASURED IN BU / ACRE","TOTAL","NOT SPECIFIED","196.6",""
"SURVEY","2014","YEAR","","COUNTY","IOWA","19","SOUTHEAST","90","JEFFERSON","101","","","00000000","","CORN","CORN, GRAIN - YIELD, MEASURED IN BU / ACRE","TOTAL","NOT SPECIFIED","200.9",""
"SURVEY","2014","YEAR","","COUNTY","IOWA","19","SOUTHEAST","90","KEOKUK","107","","","00000000","","CORN","CORN, GRAIN - YIELD, MEASURED IN BU / ACRE","TOTAL","NOT SPECIFIED","193.2",""
"SURVEY","2014","YEAR","","COUNTY","IOWA","19","SOUTHEAST","90","LEE","111","","","00000000","","CORN","CORN, GRAIN - YIELD, MEASURED IN BU / ACRE","TOTAL","NOT SPECIFIED","200.6",""
"SURVEY","2014","YEAR","","COUNTY","IOWA","19","SOUTHEAST","90","LOUISA","115","","","00000000","","CORN","CORN, GRAIN - YIELD, MEASURED IN BU / ACRE","TOTAL","NOT SPECIFIED","188.2",""
"SURVEY","2014","YEAR","","COUNTY","IOWA","19","SOUTHEAST","90","MAHASKA","123","","","00000000","","CORN","CORN, GRAIN - YIELD, MEASURED IN BU / ACRE","TOTAL","NOT SPECIFIED","189.9",""
"SURVEY","2014","YEAR","","COUNTY","IOWA","19","SOUTHEAST","90","VAN BUREN","177","","","00000000","","CORN","CORN, GRAIN - YIELD, MEASURED IN BU / ACRE","TOTAL","NOT SPECIFIED","192.2",""
"SURVEY","2014","YEAR","","COUNTY","IOWA","19","SOUTHEAST","90","WAPELLO","179","","","00000000","","CORN","CORN, GRAIN - YIELD, MEASURED IN BU / ACRE","TOTAL","NOT SPECIFIED","195.2",""
"SURVEY","2014","YEAR","","COUNTY","IOWA","19","SOUTHEAST","90","WASHINGTON","183","","","00000000","","CORN","CORN, GRAIN - YIELD, MEASURED IN BU / ACRE","TOTAL","NOT SPECIFIED","191.3",""
"SURVEY","2014","YEAR","","COUNTY","IOWA","19","SOUTHWEST","70","ADAIR","001","","","00000000","","CORN","CORN, GRAIN - YIELD, MEASURED IN BU / ACRE","TOTAL","NOT SPECIFIED","169.3",""
"SURVEY","2014","YEAR","","COUNTY","IOWA","19","SOUTHWEST","70","ADAMS","003","","","00000000","","CORN","CORN, GRAIN - YIELD, MEASURED IN BU / ACRE","TOTAL","NOT SPECIFIED","169.9",""
"SURVEY","2014","YEAR","","COUNTY","IOWA","19","SOUTHWEST","70","CASS","029","","","00000000","","CORN","CORN, GRAIN - YIELD, MEASURED IN BU / ACRE","TOTAL","NOT SPECIFIED","173.7",""
"SURVEY","2014","YEAR","","COUNTY","IOWA","19","SOUTHWEST","70","FREMONT","071","","","00000000","","CORN","CORN, GRAIN - YIELD, MEASURED IN BU / ACRE","TOTAL","NOT SPECIFIED","191.5",""
"SURVEY","2014","YEAR","","COUNTY","IOWA","19","SOUTHWEST","70","MILLS","129","","","00000000","","CORN","CORN, GRAIN - YIELD, MEASURED IN BU / ACRE","TOTAL","NOT SPECIFIED","184.9",""
"SURVEY","2014","YEAR","","COUNTY","IOWA","19","SOUTHWEST","70","MONTGOMERY","137","","","00000000","","CORN","CORN, GRAIN - YIELD, MEASURED IN BU / ACRE","TOTAL","NOT SPECIFIED","163.1",""
"SURVEY","2014","YEAR","","COUNTY","IOWA","19","SOUTHWEST","70","PAGE","145","","","00000000","","CORN","CORN, GRAIN - YIELD, MEASURED IN BU / ACRE","TOTAL","NOT SPECIFIED","182.4",""
"SURVEY","2014","YEAR","","COUNTY","IOWA","19","SOUTHWEST","70","POTTAWATTAMIE","155","","","00000000","","CORN","CORN, GRAIN - YIELD, MEASURED IN BU / ACRE","TOTAL","NOT SPECIFIED","169.1",""
"SURVEY","2014","YEAR","","COUNTY","IOWA","19","SOUTHWEST","70","TAYLOR","173","","","00000000","","CORN","CORN, GRAIN - YIELD, MEASURED IN BU / ACRE","TOTAL","NOT SPECIFIED","178.8",""
"SURVEY","2014","YEAR","","COUNTY","IOWA","19","WEST CENTRAL","40","AUDUBON","009","","","00000000","","CORN","CORN, GRAIN - YIELD, MEASURED IN BU / ACRE","TOTAL","NOT SPECIFIED","185.5",""
"SURVEY","2014","YEAR","","COUNTY","IOWA","19","WEST CENTRAL","40","CALHOUN","025","","","00000000","","CORN","CORN, GRAIN - YIELD, MEASURED IN BU / ACRE","TOTAL","NOT SPECIFIED","189.6",""
"SURVEY","2014","YEAR","","COUNTY","IOWA","19","WEST CENTRAL","40","CARROLL","027","","","00000000","","CORN","CORN, GRAIN - YIELD, MEASURED IN BU / ACRE","TOTAL","NOT SPECIFIED","188.6",""
"SURVEY","2014","YEAR","","COUNTY","IOWA","19","WEST CENTRAL","40","CRAWFORD","047","","","00000000","","CORN","CORN, GRAIN - YIELD, MEASURED IN BU / ACRE","TOTAL","NOT SPECIFIED","183",""
"SURVEY","2014","YEAR","","COUNTY","IOWA","19","WEST CENTRAL","40","GREENE","073","","","00000000","","CORN","CORN, GRAIN - YIELD, MEASURED IN BU / ACRE","TOTAL","NOT SPECIFIED","181.2",""
"SURVEY","2014","YEAR","","COUNTY","IOWA","19","WEST CENTRAL","40","GUTHRIE","077","","","00000000","","CORN","CORN, GRAIN - YIELD, MEASURED IN BU / ACRE","TOTAL","NOT SPECIFIED","176.1",""
"SURVEY","2014","YEAR","","COUNTY","IOWA","19","WEST CENTRAL","40","HARRISON","085","","","00000000","","CORN","CORN, GRAIN - YIELD, MEASURED IN BU / ACRE","TOTAL","NOT SPECIFIED","161.1",""
"SURVEY","2014","YEAR","","COUNTY","IOWA","19","WEST CENTRAL","40","IDA","093","","","00000000","","CORN","CORN, GRAIN - YIELD, MEASURED IN BU / ACRE","TOTAL","NOT SPECIFIED","189.9",""
"SURVEY","2014","YEAR","","COUNTY","IOWA","19","WEST CENTRAL","40","MONONA","133","","","00000000","","CORN","CORN, GRAIN - YIELD, MEASURED IN BU / ACRE","TOTAL","NOT SPECIFIED","156.6",""
"SURVEY","2014","YEAR","","COUNTY","IOWA","19","WEST CENTRAL","40","SAC","161","","","00000000","","CORN","CORN, GRAIN - YIELD, MEASURED IN BU / ACRE","TOTAL","NOT SPECIFIED","179.8",""
"SURVEY","2014","YEAR","","COUNTY","IOWA","19","WEST CENTRAL","40","SHELBY","165","","","00000000","","CORN","CORN, GRAIN - YIELD, MEASURED IN BU / ACRE","TOTAL","NOT SPECIFIED","185.2",""
"SURVEY","2014","YEAR","","COUNTY","IOWA","19","WEST CENTRAL","40","WOODBURY","193","","","00000000","","CORN","CORN, GRAIN - YIELD, MEASURED IN BU / ACRE","TOTAL","NOT SPECIFIED","177.5",""
"SURVEY","2013","YEAR","","COUNTY","IOWA","19","CENTRAL","50","BOONE","015","","","00000000","","CORN","CORN, GRAIN - YIELD, MEASURED IN BU / ACRE","TOTAL","NOT SPECIFIED","154.2",""
"SURVEY","2013","YEAR","","COUNTY","IOWA","19","CENTRAL","50","DALLAS","049","","","00000000","","CORN","CORN, GRAIN - YIELD, MEASURED IN BU / ACRE","TOTAL","NOT SPECIFIED","145.3",""
"SURVEY","2013","YEAR","","COUNTY","IOWA","19","CENTRAL","50","GRUNDY","075","","","00000000","","CORN","CORN, GRAIN - YIELD, MEASURED IN BU / ACRE","TOTAL","NOT SPECIFIED","180.8",""
"SURVEY","2013","YEAR","","COUNTY","IOWA","19","CENTRAL","50","HAMILTON","079","","","00000000","","CORN","CORN, GRAIN - YIELD, MEASURED IN BU / ACRE","TOTAL","NOT SPECIFIED","135",""
"SURVEY","2013","YEAR","","COUNTY","IOWA","19","CENTRAL","50","HARDIN","083","","","00000000","","CORN","CORN, GRAIN - YIELD, MEASURED IN BU / ACRE","TOTAL","NOT SPECIFIED","156.6",""
"SURVEY","2013","YEAR","","COUNTY","IOWA","19","CENTRAL","50","JASPER","099","","","00000000","","CORN","CORN, GRAIN - YIELD, MEASURED IN BU / ACRE","TOTAL","NOT SPECIFIED","158.8",""
"SURVEY","2013","YEAR","","COUNTY","IOWA","19","CENTRAL","50","MARSHALL","127","","","00000000","","CORN","CORN, GRAIN - YIELD, MEASURED IN BU / ACRE","TOTAL","NOT SPECIFIED","163.2",""
"SURVEY","2013","YEAR","","COUNTY","IOWA","19","CENTRAL","50","POLK","153","","","00000000","","CORN","CORN, GRAIN - YIELD, MEASURED IN BU / ACRE","TOTAL","NOT SPECIFIED","143.6",""
"SURVEY","2013","YEAR","","COUNTY","IOWA","19","CENTRAL","50","POWESHIEK","157","","","00000000","","CORN","CORN, GRAIN - YIELD, MEASURED IN BU / ACRE","TOTAL","NOT SPECIFIED","158.5",""
"SURVEY","2013","YEAR","","COUNTY","IOWA","19","CENTRAL","50","STORY","169","","","00000000","","CORN","CORN, GRAIN - YIELD, MEASURED IN BU / ACRE","TOTAL","NOT SPECIFIED","137.2",""
"SURVEY","2013","YEAR","","COUNTY","IOWA","19","CENTRAL","50","TAMA","171","","","00000000","","CORN","CORN, GRAIN - YIELD, MEASURED IN BU / ACRE","TOTAL","NOT SPECIFIED","158.7",""
"SURVEY","2013","YEAR","","COUNTY","IOWA","19","CENTRAL","50","WEBSTER","187","","","00000000","","CORN","CORN, GRAIN - YIELD, MEASURED IN BU / ACRE","TOTAL","NOT SPECIFIED","137.6",""
"SURVEY","2013","YEAR","","COUNTY","IOWA","19","EAST CENTRAL","60","BENTON","011","","","00000000","","CORN","CORN, GRAIN - YIELD, MEASURED IN BU / ACRE","TOTAL","NOT SPECIFIED","163.7",""
"SURVEY","2013","YEAR","","COUNTY","IOWA","19","EAST CENTRAL","60","CEDAR","031","","","00000000","","CORN","CORN, GRAIN - YIELD, MEASURED IN BU / ACRE","TOTAL","NOT SPECIFIED","169.7",""
"SURVEY","2013","YEAR","","COUNTY","IOWA","19","EAST CENTRAL","60","CLINTON","045","","","00000000","","CORN","CORN, GRAIN - YIELD, MEASURED IN BU / ACRE","TOTAL","NOT SPECIFIED","185.6",""
"SURVEY","2013","YEAR","","COUNTY","IOWA","19","EAST CENTRAL","60","IOWA","095","","","00000000","","CORN","CORN, GRAIN - YIELD, MEASURED IN BU / ACRE","TOTAL","NOT SPECIFIED","165.9",""
"SURVEY","2013","YEAR","","COUNTY","IOWA","19","EAST CENTRAL","60","JACKSON","097","","","00000000","","CORN","CORN, GRAIN - YIELD, MEASURED IN BU / ACRE","TOTAL","NOT SPECIFIED","173.2",""
"SURVEY","2013","YEAR","","COUNTY","IOWA","19","EAST CENTRAL","60","JOHNSON","103","","","00000000","","CORN","CORN, GRAIN - YIELD, MEASURED IN BU / ACRE","TOTAL","NOT SPECIFIED","181.1",""
"SURVEY","2013","YEAR","","COUNTY","IOWA","19","EAST CENTRAL","60","JONES","105","","","00000000","","CORN","CORN, GRAIN - YIELD, MEASURED IN BU / ACRE","TOTAL","NOT SPECIFIED","179.3",""
"SURVEY","2013","YEAR","","COUNTY","IOWA","19","EAST CENTRAL","60","LINN","113","","","00000000","","CORN","CORN, GRAIN - YIELD, MEASURED IN BU / ACRE","TOTAL","NOT SPECIFIED","178.6",""
"SURVEY","2013","YEAR","","COUNTY","IOWA","19","EAST CENTRAL","60","MUSCATINE","139","","","00000000","","CORN","CORN, GRAIN - YIELD, MEASURED IN BU / ACRE","TOTAL","NOT SPECIFIED","158.3",""
"SURVEY","2013","YEAR","","COUNTY","IOWA","19","EAST CENTRAL","60","SCOTT","163","","","00000000","","CORN","CORN, GRAIN - YIELD, MEASURED IN BU / ACRE","TOTAL","NOT SPECIFIED","167.8",""
"SURVEY","2013","YEAR","","COUNTY","IOWA","19","NORTH CENTRAL","20","BUTLER","023","","","00000000","","CORN","CORN, GRAIN - YIELD, MEASURED IN BU / ACRE","TOTAL","NOT SPECIFIED","179.2",""
"SURVEY","2013","YEAR","","COUNTY","IOWA","19","NORTH CENTRAL","20","CERRO GORDO","033","","","00000000","","CORN","CORN, GRAIN - YIELD, MEASURED IN BU / ACRE","TOTAL","NOT SPECIFIED","163.1",""
"SURVEY","2013","YEAR","","COUNTY","IOWA","19","NORTH CENTRAL","20","FLOYD","067","","","00000000","","CORN","CORN, GRAIN - YIELD, MEASURED IN BU / ACRE","TOTAL","NOT SPECIFIED","170",""
"SURVEY","2013","YEAR","","COUNTY","IOWA","19","NORTH CENTRAL","20","FRANKLIN","069","","","00000000","","CORN","CORN, GRAIN - YIELD, MEASURED IN BU / ACRE","TOTAL","NOT SPECIFIED","179.6",""
"SURVEY","2013","YEAR","","COUNTY","IOWA","19","NORTH CENTRAL","20","HANCOCK","081","","","00000000","","CORN","CORN, GRAIN - YIELD, MEASURED IN BU / ACRE","TOTAL","NOT SPECIFIED","169.9",""
"SURVEY","2013","YEAR","","COUNTY","IOWA","19","NORTH CENTRAL","20","HUMBOLDT","091","","","00000000","","CORN","CORN, GRAIN - YIELD, MEASURED IN BU / ACRE","TOTAL","NOT SPECIFIED","155.4",""
"SURVEY","2013","YEAR","","COUNTY","IOWA","19","NORTH CENTRAL","20","KOSSUTH","109","","","00000000","","CORN","CORN, GRAIN - YIELD, MEASURED IN BU / ACRE","TOTAL","NOT SPECIFIED","167.7",""
"SURVEY","2013","YEAR","","COUNTY","IOWA","19","NORTH CENTRAL","20","MITCHELL","131","","","00000000","","CORN","CORN, GRAIN - YIELD, MEASURED IN BU / ACRE","TOTAL","NOT SPECIFIED","164.1",""
"SURVEY","2013","YEAR","","COUNTY","IOWA","19","NORTH CENTRAL","20","WINNEBAGO","189","","","00000000","","CORN","CORN, GRAIN - YIELD, MEASURED IN BU / ACRE","TOTAL","NOT SPECIFIED","149.1",""
"SURVEY","2013","YEAR","","COUNTY","IOWA","19","NORTH CENTRAL","20","WORTH","195","","","00000000","","CORN","CORN, GRAIN - YIELD, MEASURED IN BU / ACRE","TOTAL","NOT SPECIFIED","150.7",""
"SURVEY","2013","YEAR","","COUNTY","IOWA","19","NORTH CENTRAL","20","WRIGHT","197","","","00000000","","CORN","CORN, GRAIN - YIELD, MEASURED IN BU / ACRE","TOTAL","NOT SPECIFIED","168.8",""
"SURVEY","2013","YEAR","","COUNTY","IOWA","19","NORTHEAST","30","ALLAMAKEE","005","","","00000000","","CORN","CORN, GRAIN - YIELD, MEASURED IN BU / ACRE","TOTAL","NOT SPECIFIED","162.1",""
"SURVEY","2013","YEAR","","COUNTY","IOWA","19","NORTHEAST","30","BLACK HAWK","013","","","00000000","","CORN","CORN, GRAIN - YIELD, MEASURED IN BU / ACRE","TOTAL","NOT SPECIFIED","166.1",""
"SURVEY","2013","YEAR","","COUNTY","IOWA","19","NORTHEAST","30","BREMER","017","","","00000000","","CORN","CORN, GRAIN - YIELD, MEASURED IN BU / ACRE","TOTAL","NOT SPECIFIED","175.1",""
"SURVEY","2013","YEAR","","COUNTY","IOWA","19","NORTHEAST","30","BUCHANAN","019","","","00000000","","CORN","CORN, GRAIN - YIELD, MEASURED IN BU / ACRE","TOTAL","NOT SPECIFIED","168.8",""
"SURVEY","2013","YEAR","","COUNTY","IOWA","19","NORTHEAST","30","CHICKASAW","037","","","00000000","","CORN","CORN, GRAIN - YIELD, MEASURED IN BU / ACRE","TOTAL","NOT SPECIFIED","171.8",""
"SURVEY","2013","YEAR","","COUNTY","IOWA","19","NORTHEAST","30","CLAYTON","043","","","00000000","","CORN","CORN, GRAIN - YIELD, MEASURED IN BU / ACRE","TOTAL","NOT SPECIFIED","181.2",""
"SURVEY","2013","YEAR","","COUNTY","IOWA","19","NORTHEAST","30","DELAWARE","055","","","00000000","","CORN","CORN, GRAIN - YIELD, MEASURED IN BU / ACRE","TOTAL","NOT SPECIFIED","184.7",""
"SURVEY","2013","YEAR","","COUNTY","IOWA","19","NORTHEAST","30","DUBUQUE","061","","","00000000","","CORN","CORN, GRAIN - YIELD, MEASURED IN BU / ACRE","TOTAL","NOT SPECIFIED","196",""
"SURVEY","2013","YEAR","","COUNTY","IOWA","19","NORTHEAST","30","FAYETTE","065","","","00000000","","CORN","CORN, GRAIN - YIELD, MEASURED IN BU / ACRE","TOTAL","NOT SPECIFIED","181.2",""
"SURVEY","2013","YEAR","","COUNTY","IOWA","19","NORTHEAST","30","HOWARD","089","","","00000000","","CORN","CORN, GRAIN - YIELD, MEASURED IN BU / ACRE","TOTAL","NOT SPECIFIED","159.1",""
"SURVEY","2013","YEAR","","COUNTY","IOWA","19","NORTHEAST","30","WINNESHIEK","191","","","00000000","","CORN","CORN, GRAIN - YIELD, MEASURED IN BU / ACRE","TOTAL","NOT SPECIFIED","181.8",""
"SURVEY","2013","YEAR","","COUNTY","IOWA","19","NORTHWEST","10","BUENA VISTA","021","","","00000000","","CORN","CORN, GRAIN - YIELD, MEASURED IN BU / ACRE","TOTAL","NOT SPECIFIED","160.5",""
"SURVEY","2013","YEAR","","COUNTY","IOWA","19","NORTHWEST","10","CHEROKEE","035","","","00000000","","CORN","CORN, GRAIN - YIELD, MEASURED IN BU / ACRE","TOTAL","NOT SPECIFIED","185.1",""
"SURVEY","2013","YEAR","","COUNTY","IOWA","19","NORTHWEST","10","CLAY","041","","","00000000","","CORN","CORN, GRAIN - YIELD, MEASURED IN BU / ACRE","TOTAL","NOT SPECIFIED","167.2",""
"SURVEY","2013","YEAR","","COUNTY","IOWA","19","NORTHWEST","10","DICKINSON","059","","","00000000","","CORN","CORN, GRAIN - YIELD, MEASURED IN BU / ACRE","TOTAL","NOT SPECIFIED","162.4",""
"SURVEY","2013","YEAR","","COUNTY","IOWA","19","NORTHWEST","10","EMMET","063","","","00000000","","CORN","CORN, GRAIN - YIELD, MEASURED IN BU / ACRE","TOTAL","NOT SPECIFIED","166.4",""
"SURVEY","2013","YEAR","","COUNTY","IOWA","19","NORTHWEST","10","LYON","119","","","00000000","","CORN","CORN, GRAIN - YIELD, MEASURED IN BU / ACRE","TOTAL","NOT SPECIFIED","190.5",""
"SURVEY","2013","YEAR","","COUNTY","IOWA","19","NORTHWEST","10","O BRIEN","141","","","00000000","","CORN","CORN, GRAIN - YIELD, MEASURED IN BU / ACRE","TOTAL","NOT SPECIFIED","195.3",""
"SURVEY","2013","YEAR","","COUNTY","IOWA","19","NORTHWEST","10","OSCEOLA","143","","","00000000","","CORN","CORN, GRAIN - YIELD, MEASURED IN BU / ACRE","TOTAL","NOT SPECIFIED","182",""
"SURVEY","2013","YEAR","","COUNTY","IOWA","19","NORTHWEST","10","PALO ALTO","147","","","00000000","","CORN","CORN, GRAIN - YIELD, MEASURED IN BU / ACRE","TOTAL","NOT SPECIFIED","168.8",""
"SURVEY","2013","YEAR","","COUNTY","IOWA","19","NORTHWEST","10","PLYMOUTH","149","","","00000000","","CORN","CORN, GRAIN - YIELD, MEASURED IN BU / ACRE","TOTAL","NOT SPECIFIED","188.9",""
"SURVEY","2013","YEAR","","COUNTY","IOWA","19","NORTHWEST","10","POCAHONTAS","151","","","00000000","","CORN","CORN, GRAIN - YIELD, MEASURED IN BU / ACRE","TOTAL","NOT SPECIFIED","163.8",""
"SURVEY","2013","YEAR","","COUNTY","IOWA","19","NORTHWEST","10","SIOUX","167","","","00000000","","CORN","CORN, GRAIN - YIELD, MEASURED IN BU / ACRE","TOTAL","NOT SPECIFIED","194.1",""
"SURVEY","2013","YEAR","","COUNTY","IOWA","19","SOUTH CENTRAL","80","APPANOOSE","007","","","00000000","","CORN","CORN, GRAIN - YIELD, MEASURED IN BU / ACRE","TOTAL","NOT SPECIFIED","109.1",""
"SURVEY","2013","YEAR","","COUNTY","IOWA","19","SOUTH CENTRAL","80","CLARKE","039","","","00000000","","CORN","CORN, GRAIN - YIELD, MEASURED IN BU / ACRE","TOTAL","NOT SPECIFIED","126.5",""
"SURVEY","2013","YEAR","","COUNTY","IOWA","19","SOUTH CENTRAL","80","DECATUR","053","","","00000000","","CORN","CORN, GRAIN - YIELD, MEASURED IN BU / ACRE","TOTAL","NOT SPECIFIED","131.2",""
"SURVEY","2013","YEAR","","COUNTY","IOWA","19","SOUTH CENTRAL","80","LUCAS","117","","","00000000","","CORN","CORN, GRAIN - YIELD, MEASURED IN BU / ACRE","TOTAL","NOT SPECIFIED","117.9",""
"SURVEY","2013","YEAR","","COUNTY","IOWA","19","SOUTH CENTRAL","80","MADISON","121","","","00000000","","CORN","CORN, GRAIN - YIELD, MEASURED IN BU / ACRE","TOTAL","NOT SPECIFIED","140.9",""
"SURVEY","2013","YEAR","","COUNTY","IOWA","19","SOUTH CENTRAL","80","MARION","125","","","00000000","","CORN","CORN, GRAIN - YIELD, MEASURED IN BU / ACRE","TOTAL","NOT SPECIFIED","156.4",""
"SURVEY","2013","YEAR","","COUNTY","IOWA","19","SOUTH CENTRAL","80","MONROE","135","","","00000000","","CORN","CORN, GRAIN - YIELD, MEASURED IN BU / ACRE","TOTAL","NOT SPECIFIED","115.3",""
"SURVEY","2013","YEAR","","COUNTY","IOWA","19","SOUTH CENTRAL","80","RINGGOLD","159","","","00000000","","CORN","CORN, GRAIN - YIELD, MEASURED IN BU / ACRE","TOTAL","NOT SPECIFIED","121.1",""
"SURVEY","2013","YEAR","","COUNTY","IOWA","19","SOUTH CENTRAL","80","UNION","175","","","00000000","","CORN","CORN, GRAIN - YIELD, MEASURED IN BU / ACRE","TOTAL","NOT SPECIFIED","137",""
"SURVEY","2013","YEAR","","COUNTY","IOWA","19","SOUTH CENTRAL","80","WARREN","181","","","00000000","","CORN","CORN, GRAIN - YIELD, MEASURED IN BU / ACRE","TOTAL","NOT SPECIFIED","146.7",""
"SURVEY","2013","YEAR","","COUNTY","IOWA","19","SOUTH CENTRAL","80","WAYNE","185","","","00000000","","CORN","CORN, GRAIN - YIELD, MEASURED IN BU / ACRE","TOTAL","NOT SPECIFIED","125.1",""
"SURVEY","2013","YEAR","","COUNTY","IOWA","19","SOUTHEAST","90","DAVIS","051","","","00000000","","CORN","CORN, GRAIN - YIELD, MEASURED IN BU / ACRE","TOTAL","NOT SPECIFIED","146.7",""
"SURVEY","2013","YEAR","","COUNTY","IOWA","19","SOUTHEAST","90","DES MOINES","057","","","00000000","","CORN","CORN, GRAIN - YIELD, MEASURED IN BU / ACRE","TOTAL","NOT SPECIFIED","165.4",""
"SURVEY","2013","YEAR","","COUNTY","IOWA","19","SOUTHEAST","90","HENRY","087","","","00000000","","CORN","CORN, GRAIN - YIELD, MEASURED IN BU / ACRE","TOTAL","NOT SPECIFIED","160.4",""
"SURVEY","2013","YEAR","","COUNTY","IOWA","19","SOUTHEAST","90","JEFFERSON","101","","","00000000","","CORN","CORN, GRAIN - YIELD, MEASURED IN BU / ACRE","TOTAL","NOT SPECIFIED","145.5",""
"SURVEY","2013","YEAR","","COUNTY","IOWA","19","SOUTHEAST","90","KEOKUK","107","","","00000000","","CORN","CORN, GRAIN - YIELD, MEASURED IN BU / ACRE","TOTAL","NOT SPECIFIED","156.7",""
"SURVEY","2013","YEAR","","COUNTY","IOWA","19","SOUTHEAST","90","LEE","111","","","00000000","","CORN","CORN, GRAIN - YIELD, MEASURED IN BU / ACRE","TOTAL","NOT SPECIFIED","144.1",""
"SURVEY","2013","YEAR","","COUNTY","IOWA","19","SOUTHEAST","90","LOUISA","115","","","00000000","","CORN","CORN, GRAIN - YIELD, MEASURED IN BU / ACRE","TOTAL","NOT SPECIFIED","158.5",""
"SURVEY","2013","YEAR","","COUNTY","IOWA","19","SOUTHEAST","90","MAHASKA","123","","","00000000","","CORN","CORN, GRAIN - YIELD, MEASURED IN BU / ACRE","TOTAL","NOT SPECIFIED","168.6",""
"SURVEY","2013","YEAR","","COUNTY","IOWA","19","SOUTHEAST","90","VAN BUREN","177","","","00000000","","CORN","CORN, GRAIN - YIELD, MEASURED IN BU / ACRE","TOTAL","NOT SPECIFIED","144.1",""
"SURVEY","2013","YEAR","","COUNTY","IOWA","19","SOUTHEAST","90","WAPELLO","179","","","00000000","","CORN","CORN, GRAIN - YIELD, MEASURED IN BU / ACRE","TOTAL","NOT SPECIFIED","150.4",""
"SURVEY","2013","YEAR","","COUNTY","IOWA","19","SOUTHEAST","90","WASHINGTON","183","","","00000000","","CORN","CORN, GRAIN - YIELD, MEASURED IN BU / ACRE","TOTAL","NOT SPECIFIED","159",""
"SURVEY","2013","YEAR","","COUNTY","IOWA","19","SOUTHWEST","70","ADAIR","001","","","00000000","","CORN","CORN, GRAIN - YIELD, MEASURED IN BU / ACRE","TOTAL","NOT SPECIFIED","137.8",""
"SURVEY","2013","YEAR","","COUNTY","IOWA","19","SOUTHWEST","70","ADAMS","003","","","00000000","","CORN","CORN, GRAIN - YIELD, MEASURED IN BU / ACRE","TOTAL","NOT SPECIFIED","147.6",""
"SURVEY","2013","YEAR","","COUNTY","IOWA","19","SOUTHWEST","70","CASS","029","","","00000000","","CORN","CORN, GRAIN - YIELD, MEASURED IN BU / ACRE","TOTAL","NOT SPECIFIED","159.5",""
"SURVEY","2013","YEAR","","COUNTY","IOWA","19","SOUTHWEST","70","FREMONT","071","","","00000000","","CORN","CORN, GRAIN - YIELD, MEASURED IN BU / ACRE","TOTAL","NOT SPECIFIED","159.9",""
"SURVEY","2013","YEAR","","COUNTY","IOWA","19","SOUTHWEST","70","MILLS","129","","","00000000","","CORN","CORN, GRAIN - YIELD, MEASURED IN BU / ACRE","TOTAL","NOT SPECIFIED","171",""
"SURVEY","2013","YEAR","","COUNTY","IOWA","19","SOUTHWEST","70","MONTGOMERY","137","","","00000000","","CORN","CORN, GRAIN - YIELD, MEASURED IN BU / ACRE","TOTAL","NOT SPECIFIED","154",""
"SURVEY","2013","YEAR","","COUNTY","IOWA","19","SOUTHWEST","70","PAGE","145","","","00000000","","CORN","CORN, GRAIN - YIELD, MEASURED IN BU / ACRE","TOTAL","NOT SPECIFIED","154.5",""
"SURVEY","2013","YEAR","","COUNTY","IOWA","19","SOUTHWEST","70","POTTAWATTAMIE","155","","","00000000","","CORN","CORN, GRAIN - YIELD, MEASURED IN BU / ACRE","TOTAL","NOT SPECIFIED","179.4",""
"SURVEY","2013","YEAR","","COUNTY","IOWA","19","SOUTHWEST","70","TAYLOR","173","","","00000000","","CORN","CORN, GRAIN - YIELD, MEASURED IN BU / ACRE","TOTAL","NOT SPECIFIED","136.2",""
"SURVEY","2013","YEAR","","COUNTY","IOWA","19","WEST CENTRAL","40","AUDUBON","009","","","00000000","","CORN","CORN, GRAIN - YIELD, MEASURED IN BU / ACRE","TOTAL","NOT SPECIFIED","157.1",""
"SURVEY","2013","YEAR","","COUNTY","IOWA","19","WEST CENTRAL","40","CALHOUN","025","","","00000000","","CORN","CORN, GRAIN - YIELD, MEASURED IN BU / ACRE","TOTAL","NOT SPECIFIED","132.6",""
"SURVEY","2013","YEAR","","COUNTY","IOWA","19","WEST CENTRAL","40","CARROLL","027","","","00000000","","CORN","CORN, GRAIN - YIELD, MEASURED IN BU / ACRE","TOTAL","NOT SPECIFIED","136.5",""
"SURVEY","2013","YEAR","","COUNTY","IOWA","19","WEST CENTRAL","40","CRAWFORD","047","","","00000000","","CORN","CORN, GRAIN - YIELD, MEASURED IN BU / ACRE","TOTAL","NOT SPECIFIED","157.8",""
"SURVEY","2013","YEAR","","COUNTY","IOWA","19","WEST CENTRAL","40","GREENE","073","","","00000000","","CORN","CORN, GRAIN - YIELD, MEASURED IN BU / ACRE","TOTAL","NOT SPECIFIED","137.9",""
"SURVEY","2013","YEAR","","COUNTY","IOWA","19","WEST CENTRAL","40","GUTHRIE","077","","","00000000","","CORN","CORN, GRAIN - YIELD, MEASURED IN BU / ACRE","TOTAL","NOT SPECIFIED","130.1",""
"SURVEY","2013","YEAR","","COUNTY","IOWA","19","WEST CENTRAL","40","HARRISON","085","","","00000000","","CORN","CORN, GRAIN - YIELD, MEASURED IN BU / ACRE","TOTAL","NOT SPECIFIED","177.1",""
"SURVEY","2013","YEAR","","COUNTY","IOWA","19","WEST CENTRAL","40","IDA","093","","","00000000","","CORN","CORN, GRAIN - YIELD, MEASURED IN BU / ACRE","TOTAL","NOT SPECIFIED","177.7",""
"SURVEY","2013","YEAR","","COUNTY","IOWA","19","WEST CENTRAL","40","MONONA","133","","","00000000","","CORN","CORN, GRAIN - YIELD, MEASURED IN BU / ACRE","TOTAL","NOT SPECIFIED","175.2",""
"SURVEY","2013","YEAR","","COUNTY","IOWA","19","WEST CENTRAL","40","SAC","161","","","00000000","","CORN","CORN, GRAIN - YIELD, MEASURED IN BU / ACRE","TOTAL","NOT SPECIFIED","142.6",""
"SURVEY","2013","YEAR","","COUNTY","IOWA","19","WEST CENTRAL","40","SHELBY","165","","","00000000","","CORN","CORN, GRAIN - YIELD, MEASURED IN BU / ACRE","TOTAL","NOT SPECIFIED","182.6",""
"SURVEY","2013","YEAR","","COUNTY","IOWA","19","WEST CENTRAL","40","WOODBURY","193","","","00000000","","CORN","CORN, GRAIN - YIELD, MEASURED IN BU / ACRE","TOTAL","NOT SPECIFIED","164.2",""
"SURVEY","2012","YEAR","","COUNTY","IOWA","19","CENTRAL","50","BOONE","015","","","00000000","","CORN","CORN, GRAIN - YIELD, MEASURED IN BU / ACRE","TOTAL","NOT SPECIFIED","147.1",""
"SURVEY","2012","YEAR","","COUNTY","IOWA","19","CENTRAL","50","DALLAS","049","","","00000000","","CORN","CORN, GRAIN - YIELD, MEASURED IN BU / ACRE","TOTAL","NOT SPECIFIED","129",""
"SURVEY","2012","YEAR","","COUNTY","IOWA","19","CENTRAL","50","GRUNDY","075","","","00000000","","CORN","CORN, GRAIN - YIELD, MEASURED IN BU / ACRE","TOTAL","NOT SPECIFIED","161.5",""
"SURVEY","2012","YEAR","","COUNTY","IOWA","19","CENTRAL","50","HAMILTON","079","","","00000000","","CORN","CORN, GRAIN - YIELD, MEASURED IN BU / ACRE","TOTAL","NOT SPECIFIED","138",""
"SURVEY","2012","YEAR","","COUNTY","IOWA","19","CENTRAL","50","HARDIN","083","","","00000000","","CORN","CORN, GRAIN - YIELD, MEASURED IN BU / ACRE","TOTAL","NOT SPECIFIED","163.6",""
"SURVEY","2012","YEAR","","COUNTY","IOWA","19","CENTRAL","50","JASPER","099","","","00000000","","CORN","CORN, GRAIN - YIELD, MEASURED IN BU / ACRE","TOTAL","NOT SPECIFIED","150.9",""
"SURVEY","2012","YEAR","","COUNTY","IOWA","19","CENTRAL","50","MARSHALL","127","","","00000000","","CORN","CORN, GRAIN - YIELD, MEASURED IN BU / ACRE","TOTAL","NOT SPECIFIED","157.6",""
"SURVEY","2012","YEAR","","COUNTY","IOWA","19","CENTRAL","50","POLK","153","","","00000000","","CORN","CORN, GRAIN - YIELD, MEASURED IN BU / ACRE","TOTAL","NOT SPECIFIED","149.1",""
"SURVEY","2012","YEAR","","COUNTY","IOWA","19","CENTRAL","50","POWESHIEK","157","","","00000000","","CORN","CORN, GRAIN - YIELD, MEASURED IN BU / ACRE","TOTAL","NOT SPECIFIED","152.3",""
"SURVEY","2012","YEAR","","COUNTY","IOWA","19","CENTRAL","50","STORY","169","","","00000000","","CORN","CORN, GRAIN - YIELD, MEASURED IN BU / ACRE","TOTAL","NOT SPECIFIED","157.6",""
"SURVEY","2012","YEAR","","COUNTY","IOWA","19","CENTRAL","50","TAMA","171","","","00000000","","CORN","CORN, GRAIN - YIELD, MEASURED IN BU / ACRE","TOTAL","NOT SPECIFIED","160.2",""
"SURVEY","2012","YEAR","","COUNTY","IOWA","19","CENTRAL","50","WEBSTER","187","","","00000000","","CORN","CORN, GRAIN - YIELD, MEASURED IN BU / ACRE","TOTAL","NOT SPECIFIED","149.2",""
"SURVEY","2012","YEAR","","COUNTY","IOWA","19","EAST CENTRAL","60","BENTON","011","","","00000000","","CORN","CORN, GRAIN - YIELD, MEASURED IN BU / ACRE","TOTAL","NOT SPECIFIED","129.3",""
"SURVEY","2012","YEAR","","COUNTY","IOWA","19","EAST CENTRAL","60","CEDAR","031","","","00000000","","CORN","CORN, GRAIN - YIELD, MEASURED IN BU / ACRE","TOTAL","NOT SPECIFIED","158.9",""
"SURVEY","2012","YEAR","","COUNTY","IOWA","19","EAST CENTRAL","60","CLINTON","045","","","00000000","","CORN","CORN, GRAIN - YIELD, MEASURED IN BU / ACRE","TOTAL","NOT SPECIFIED","139.6",""
"SURVEY","2012","YEAR","","COUNTY","IOWA","19","EAST CENTRAL","60","IOWA","095","","","00000000","","CORN","CORN, GRAIN - YIELD, MEASURED IN BU / ACRE","TOTAL","NOT SPECIFIED","135.7",""
"SURVEY","2012","YEAR","","COUNTY","IOWA","19","EAST CENTRAL","60","JACKSON","097","","","00000000","","CORN","CORN, GRAIN - YIELD, MEASURED IN BU / ACRE","TOTAL","NOT SPECIFIED","114.6",""
"SURVEY","2012","YEAR","","COUNTY","IOWA","19","EAST CENTRAL","60","JOHNSON","103","","","00000000","","CORN","CORN, GRAIN - YIELD, MEASURED IN BU / ACRE","TOTAL","NOT SPECIFIED","132.4",""
"SURVEY","2012","YEAR","","COUNTY","IOWA","19","EAST CENTRAL","60","JONES","105","","","00000000","","CORN","CORN, GRAIN - YIELD, MEASURED IN BU / ACRE","TOTAL","NOT SPECIFIED","127.3",""
"SURVEY","2012","YEAR","","COUNTY","IOWA","19","EAST CENTRAL","60","LINN","113","","","00000000","","CORN","CORN, GRAIN - YIELD, MEASURED IN BU / ACRE","TOTAL","NOT SPECIFIED","124.2",""
"SURVEY","2012","YEAR","","COUNTY","IOWA","19","EAST CENTRAL","60","MUSCATINE","139","","","00000000","","CORN","CORN, GRAIN - YIELD, MEASURED IN BU / ACRE","TOTAL","NOT SPECIFIED","152.6",""
"SURVEY","2012","YEAR","","COUNTY","IOWA","19","EAST CENTRAL","60","SCOTT","163","","","00000000","","CORN","CORN, GRAIN - YIELD, MEASURED IN BU / ACRE","TOTAL","NOT SPECIFIED","131.7",""
"SURVEY","2012","YEAR","","COUNTY","IOWA","19","NORTH CENTRAL","20","BUTLER","023","","","00000000","","CORN","CORN, GRAIN - YIELD, MEASURED IN BU / ACRE","TOTAL","NOT SPECIFIED","122",""
"SURVEY","2012","YEAR","","COUNTY","IOWA","19","NORTH CENTRAL","20","CERRO GORDO","033","","","00000000","","CORN","CORN, GRAIN - YIELD, MEASURED IN BU / ACRE","TOTAL","NOT SPECIFIED","124.8",""
"SURVEY","2012","YEAR","","COUNTY","IOWA","19","NORTH CENTRAL","20","FLOYD","067","","","00000000","","CORN","CORN, GRAIN - YIELD, MEASURED IN BU / ACRE","TOTAL","NOT SPECIFIED","123.2",""
"SURVEY","2012","YEAR","","COUNTY","IOWA","19","NORTH CENTRAL","20","FRANKLIN","069","","","00000000","","CORN","CORN, GRAIN - YIELD, MEASURED IN BU / ACRE","TOTAL","NOT SPECIFIED","150",""
"SURVEY","2012","YEAR","","COUNTY","IOWA","19","NORTH CENTRAL","20","HANCOCK","081","","","00000000","","CORN","CORN, GRAIN - YIELD, MEASURED IN BU / ACRE","TOTAL","NOT SPECIFIED","143.3",""
"SURVEY","2012","YEAR","","COUNTY","IOWA","19","NORTH CENTRAL","20","HUMBOLDT","091","","","00000000","","CORN","CORN, GRAIN - YIELD, MEASURED IN BU / ACRE","TOTAL","NOT SPECIFIED","146.1",""
"SURVEY","2012","YEAR","","COUNTY","IOWA","19","NORTH CENTRAL","20","KOSSUTH","109","","","00000000","","CORN","CORN, GRAIN - YIELD, MEASURED IN BU / ACRE","TOTAL","NOT SPECIFIED","164.6",""
"SURVEY","2012","YEAR","","COUNTY","IOWA","19","NORTH CENTRAL","20","MITCHELL","131","","","00000000","","CORN","CORN, GRAIN - YIELD, MEASURED IN BU / ACRE","TOTAL","NOT SPECIFIED","131.4",""
"SURVEY","2012","YEAR","","COUNTY","IOWA","19","NORTH CENTRAL","20","WINNEBAGO","189","","","00000000","","CORN","CORN, GRAIN - YIELD, MEASURED IN BU / ACRE","TOTAL","NOT SPECIFIED","161.1",""
"SURVEY","2012","YEAR","","COUNTY","IOWA","19","NORTH CENTRAL","20","WORTH","195","","","00000000","","CORN","CORN, GRAIN - YIELD, MEASURED IN BU / ACRE","TOTAL","NOT SPECIFIED","143.1",""
"SURVEY","2012","YEAR","","COUNTY","IOWA","19","NORTH CENTRAL","20","WRIGHT","197","","","00000000","","CORN","CORN, GRAIN - YIELD, MEASURED IN BU / ACRE","TOTAL","NOT SPECIFIED","153.7",""
"SURVEY","2012","YEAR","","COUNTY","IOWA","19","NORTHEAST","30","ALLAMAKEE","005","","","00000000","","CORN","CORN, GRAIN - YIELD, MEASURED IN BU / ACRE","TOTAL","NOT SPECIFIED","153.6",""
"SURVEY","2012","YEAR","","COUNTY","IOWA","19","NORTHEAST","30","BLACK HAWK","013","","","00000000","","CORN","CORN, GRAIN - YIELD, MEASURED IN BU / ACRE","TOTAL","NOT SPECIFIED","126.4",""
"SURVEY","2012","YEAR","","COUNTY","IOWA","19","NORTHEAST","30","BREMER","017","","","00000000","","CORN","CORN, GRAIN - YIELD, MEASURED IN BU / ACRE","TOTAL","NOT SPECIFIED","133.3",""
"SURVEY","2012","YEAR","","COUNTY","IOWA","19","NORTHEAST","30","BUCHANAN","019","","","00000000","","CORN","CORN, GRAIN - YIELD, MEASURED IN BU / ACRE","TOTAL","NOT SPECIFIED","140.4",""
"SURVEY","2012","YEAR","","COUNTY","IOWA","19","NORTHEAST","30","CHICKASAW","037","","","00000000","","CORN","CORN, GRAIN - YIELD, MEASURED IN BU / ACRE","TOTAL","NOT SPECIFIED","125.8",""
"SURVEY","2012","YEAR","","COUNTY","IOWA","19","NORTHEAST","30","CLAYTON","043","","","00000000","","CORN","CORN, GRAIN - YIELD, MEASURED IN BU / ACRE","TOTAL","NOT SPECIFIED","152.9",""
"SURVEY","2012","YEAR","","COUNTY","IOWA","19","NORTHEAST","30","DELAWARE","055","","","00000000","","CORN","CORN, GRAIN - YIELD, MEASURED IN BU / ACRE","TOTAL","NOT SPECIFIED","129.8",""
"SURVEY","2012","YEAR","","COUNTY","IOWA","19","NORTHEAST","30","DUBUQUE","061","","","00000000","","CORN","CORN, GRAIN - YIELD, MEASURED IN BU / ACRE","TOTAL","NOT SPECIFIED","149.4",""
"SURVEY","2012","YEAR","","COUNTY","IOWA","19","NORTHEAST","30","FAYETTE","065","","","00000000","","CORN","CORN, GRAIN - YIELD, MEASURED IN BU / ACRE","TOTAL","NOT SPECIFIED","151",""
"SURVEY","2012","YEAR","","COUNTY","IOWA","19","NORTHEAST","30","HOWARD","089","","","00000000","","CORN","CORN, GRAIN - YIELD, MEASURED IN BU / ACRE","TOTAL","NOT SPECIFIED","137.8",""
"SURVEY","2012","YEAR","","COUNTY","IOWA","19","NORTHEAST","30","WINNESHIEK","191","","","00000000","","CORN","CORN, GRAIN - YIELD, MEASURED IN BU / ACRE","TOTAL","NOT SPECIFIED","140.6",""
"SURVEY","2012","YEAR","","COUNTY","IOWA","19","NORTHWEST","10","BUENA VISTA","021","","","00000000","","CORN","CORN, GRAIN - YIELD, MEASURED IN BU / ACRE","TOTAL","NOT SPECIFIED","148.2",""
"SURVEY","2012","YEAR","","COUNTY","IOWA","19","NORTHWEST","10","CHEROKEE","035","","","00000000","","CORN","CORN, GRAIN - YIELD, MEASURED IN BU / ACRE","TOTAL","NOT SPECIFIED","158.7",""
"SURVEY","2012","YEAR","","COUNTY","IOWA","19","NORTHWEST","10","CLAY","041","","","00000000","","CORN","CORN, GRAIN - YIELD, MEASURED IN BU / ACRE","TOTAL","NOT SPECIFIED","170.1",""
"SURVEY","2012","YEAR","","COUNTY","IOWA","19","NORTHWEST","10","DICKINSON","059","","","00000000","","CORN","CORN, GRAIN - YIELD, MEASURED IN BU / ACRE","TOTAL","NOT SPECIFIED","160.9",""
"SURVEY","2012","YEAR","","COUNTY","IOWA","19","NORTHWEST","10","EMMET","063","","","00000000","","CORN","CORN, GRAIN - YIELD, MEASURED IN BU / ACRE","TOTAL","NOT SPECIFIED","166.6",""
"SURVEY","2012","YEAR","","COUNTY","IOWA","19","NORTHWEST","10","LYON","119","","","00000000","","CORN","CORN, GRAIN - YIELD, MEASURED IN BU / ACRE","TOTAL","NOT SPECIFIED","161.6",""
"SURVEY","2012","YEAR","","COUNTY","IOWA","19","NORTHWEST","10","O BRIEN","141","","","00000000","","CORN","CORN, GRAIN - YIELD, MEASURED IN BU / ACRE","TOTAL","NOT SPECIFIED","159.8",""
"SURVEY","2012","YEAR","","COUNTY","IOWA","19","NORTHWEST","10","OSCEOLA","143","","","00000000","","CORN","CORN, GRAIN - YIELD, MEASURED IN BU / ACRE","TOTAL","NOT SPECIFIED","169.6",""
"SURVEY","2012","YEAR","","COUNTY","IOWA","19","NORTHWEST","10","PALO ALTO","147","","","00000000","","CORN","CORN, GRAIN - YIELD, MEASURED IN BU / ACRE","TOTAL","NOT SPECIFIED","170.6",""
"SURVEY","2012","YEAR","","COUNTY","IOWA","19","NORTHWEST","10","PLYMOUTH","149","","","00000000","","CORN","CORN, GRAIN - YIELD, MEASURED IN BU / ACRE","TOTAL","NOT SPECIFIED","110.1",""
"SURVEY","2012","YEAR","","COUNTY","IOWA","19","NORTHWEST","10","POCAHONTAS","151","","","00000000","","CORN","CORN, GRAIN - YIELD, MEASURED IN BU / ACRE","TOTAL","NOT SPECIFIED","165.3",""
"SURVEY","2012","YEAR","","COUNTY","IOWA","19","NORTHWEST","10","SIOUX","167","","","00000000","","CORN","CORN, GRAIN - YIELD, MEASURED IN BU / ACRE","TOTAL","NOT SPECIFIED","143.2",""
"SURVEY","2012","YEAR","","COUNTY","IOWA","19","SOUTH CENTRAL","80","APPANOOSE","007","","","00000000","","CORN","CORN, GRAIN - YIELD, MEASURED IN BU / ACRE","TOTAL","NOT SPECIFIED","44.5",""
"SURVEY","2012","YEAR","","COUNTY","IOWA","19","SOUTH CENTRAL","80","CLARKE","039","","","00000000","","CORN","CORN, GRAIN - YIELD, MEASURED IN BU / ACRE","TOTAL","NOT SPECIFIED","76.7",""
"SURVEY","2012","YEAR","","COUNTY","IOWA","19","SOUTH CENTRAL","80","DECATUR","053","","","00000000","","CORN","CORN, GRAIN - YIELD, MEASURED IN BU / ACRE","TOTAL","NOT SPECIFIED","61.2",""
"SURVEY","2012","YEAR","","COUNTY","IOWA","19","SOUTH CENTRAL","80","LUCAS","117","","","00000000","","CORN","CORN, GRAIN - YIELD, MEASURED IN BU / ACRE","TOTAL","NOT SPECIFIED","85.3",""
"SURVEY","2012","YEAR","","COUNTY","IOWA","19","SOUTH CENTRAL","80","MADISON","121","","","00000000","","CORN","CORN, GRAIN - YIELD, MEASURED IN BU / ACRE","TOTAL","NOT SPECIFIED","101.4",""
"SURVEY","2012","YEAR","","COUNTY","IOWA","19","SOUTH CENTRAL","80","MARION","125","","","00000000","","CORN","CORN, GRAIN - YIELD, MEASURED IN BU / ACRE","TOTAL","NOT SPECIFIED","115.1",""
"SURVEY","2012","YEAR","","COUNTY","IOWA","19","SOUTH CENTRAL","80","MONROE","135","","","00000000","","CORN","CORN, GRAIN - YIELD, MEASURED IN BU / ACRE","TOTAL","NOT SPECIFIED","67.3",""
"SURVEY","2012","YEAR","","COUNTY","IOWA","19","SOUTH CENTRAL","80","RINGGOLD","159","","","00000000","","CORN","CORN, GRAIN - YIELD, MEASURED IN BU / ACRE","TOTAL","NOT SPECIFIED","71.6",""
"SURVEY","2012","YEAR","","COUNTY","IOWA","19","SOUTH CENTRAL","80","UNION","175","","","00000000","","CORN","CORN, GRAIN - YIELD, MEASURED IN BU / ACRE","TOTAL","NOT SPECIFIED","87.3",""
"SURVEY","2012","YEAR","","COUNTY","IOWA","19","SOUTH CENTRAL","80","WARREN","181","","","00000000","","CORN","CORN, GRAIN - YIELD, MEASURED IN BU / ACRE","TOTAL","NOT SPECIFIED","103.5",""
"SURVEY","2012","YEAR","","COUNTY","IOWA","19","SOUTH CENTRAL","80","WAYNE","185","","","00000000","","CORN","CORN, GRAIN - YIELD, MEASURED IN BU / ACRE","TOTAL","NOT SPECIFIED","55.7",""
"SURVEY","2012","YEAR","","COUNTY","IOWA","19","SOUTHEAST","90","DAVIS","051","","","00000000","","CORN","CORN, GRAIN - YIELD, MEASURED IN BU / ACRE","TOTAL","NOT SPECIFIED","52.4",""
"SURVEY","2012","YEAR","","COUNTY","IOWA","19","SOUTHEAST","90","DES MOINES","057","","","00000000","","CORN","CORN, GRAIN - YIELD, MEASURED IN BU / ACRE","TOTAL","NOT SPECIFIED","143.7",""
"SURVEY","2012","YEAR","","COUNTY","IOWA","19","SOUTHEAST","90","HENRY","087","","","00000000","","CORN","CORN, GRAIN - YIELD, MEASURED IN BU / ACRE","TOTAL","NOT SPECIFIED","132",""
"SURVEY","2012","YEAR","","COUNTY","IOWA","19","SOUTHEAST","90","JEFFERSON","101","","","00000000","","CORN","CORN, GRAIN - YIELD, MEASURED IN BU / ACRE","TOTAL","NOT SPECIFIED","102.8",""
"SURVEY","2012","YEAR","","COUNTY","IOWA","19","SOUTHEAST","90","KEOKUK","107","","","00000000","","CORN","CORN, GRAIN - YIELD, MEASURED IN BU / ACRE","TOTAL","NOT SPECIFIED","113",""
"SURVEY","2012","YEAR","","COUNTY","IOWA","19","SOUTHEAST","90","LEE","111","","","00000000","","CORN","CORN, GRAIN - YIELD, MEASURED IN BU / ACRE","TOTAL","NOT SPECIFIED","116",""
"SURVEY","2012","YEAR","","COUNTY","IOWA","19","SOUTHEAST","90","LOUISA","115","","","00000000","","CORN","CORN, GRAIN - YIELD, MEASURED IN BU / ACRE","TOTAL","NOT SPECIFIED","162.9",""
"SURVEY","2012","YEAR","","COUNTY","IOWA","19","SOUTHEAST","90","MAHASKA","123","","","00000000","","CORN","CORN, GRAIN - YIELD, MEASURED IN BU / ACRE","TOTAL","NOT SPECIFIED","133",""
"SURVEY","2012","YEAR","","COUNTY","IOWA","19","SOUTHEAST","90","VAN BUREN","177","","","00000000","","CORN","CORN, GRAIN - YIELD, MEASURED IN BU / ACRE","TOTAL","NOT SPECIFIED","110.3",""
"SURVEY","2012","YEAR","","COUNTY","IOWA","19","SOUTHEAST","90","WAPELLO","179","","","00000000","","CORN","CORN, GRAIN - YIELD, MEASURED IN BU / ACRE","TOTAL","NOT SPECIFIED","92.6",""
"SURVEY","2012","YEAR","","COUNTY","IOWA","19","SOUTHEAST","90","WASHINGTON","183","","","00000000","","CORN","CORN, GRAIN - YIELD, MEASURED IN BU / ACRE","TOTAL","NOT SPECIFIED","132.1",""
"SURVEY","2012","YEAR","","COUNTY","IOWA","19","SOUTHWEST","70","ADAIR","001","","","00000000","","CORN","CORN, GRAIN - YIELD, MEASURED IN BU / ACRE","TOTAL","NOT SPECIFIED","104.4",""
"SURVEY","2012","YEAR","","COUNTY","IOWA","19","SOUTHWEST","70","ADAMS","003","","","00000000","","CORN","CORN, GRAIN - YIELD, MEASURED IN BU / ACRE","TOTAL","NOT SPECIFIED","109.8",""
"SURVEY","2012","YEAR","","COUNTY","IOWA","19","SOUTHWEST","70","CASS","029","","","00000000","","CORN","CORN, GRAIN - YIELD, MEASURED IN BU / ACRE","TOTAL","NOT SPECIFIED","120.4",""
"SURVEY","2012","YEAR","","COUNTY","IOWA","19","SOUTHWEST","70","FREMONT","071","","","00000000","","CORN","CORN, GRAIN - YIELD, MEASURED IN BU / ACRE","TOTAL","NOT SPECIFIED","131.2",""
"SURVEY","2012","YEAR","","COUNTY","IOWA","19","SOUTHWEST","70","MILLS","129","","","00000000","","CORN","CORN, GRAIN - YIELD, MEASURED IN BU / ACRE","TOTAL","NOT SPECIFIED","128.8",""
"SURVEY","2012","YEAR","","COUNTY","IOWA","19","SOUTHWEST","70","MONTGOMERY","137","","","00000000","","CORN","CORN, GRAIN - YIELD, MEASURED IN BU / ACRE","TOTAL","NOT SPECIFIED","132",""
"SURVEY","2012","YEAR","","COUNTY","IOWA","19","SOUTHWEST","70","PAGE","145","","","00000000","","CORN","CORN, GRAIN - YIELD, MEASURED IN BU / ACRE","TOTAL","NOT SPECIFIED","116.2",""
"SURVEY","2012","YEAR","","COUNTY","IOWA","19","SOUTHWEST","70","POTTAWATTAMIE","155","","","00000000","","CORN","CORN, GRAIN - YIELD, MEASURED IN BU / ACRE","TOTAL","NOT SPECIFIED","131.9",""
"SURVEY","2012","YEAR","","COUNTY","IOWA","19","SOUTHWEST","70","TAYLOR","173","","","00000000","","CORN","CORN, GRAIN - YIELD, MEASURED IN BU / ACRE","TOTAL","NOT SPECIFIED","91.7",""
"SURVEY","2012","YEAR","","COUNTY","IOWA","19","WEST CENTRAL","40","AUDUBON","009","","","00000000","","CORN","CORN, GRAIN - YIELD, MEASURED IN BU / ACRE","TOTAL","NOT SPECIFIED","114.8",""
"SURVEY","2012","YEAR","","COUNTY","IOWA","19","WEST CENTRAL","40","CALHOUN","025","","","00000000","","CORN","CORN, GRAIN - YIELD, MEASURED IN BU / ACRE","TOTAL","NOT SPECIFIED","134.8",""
"SURVEY","2012","YEAR","","COUNTY","IOWA","19","WEST CENTRAL","40","CARROLL","027","","","00000000","","CORN","CORN, GRAIN - YIELD, MEASURED IN BU / ACRE","TOTAL","NOT SPECIFIED","105.3",""
"SURVEY","2012","YEAR","","COUNTY","IOWA","19","WEST CENTRAL","40","CRAWFORD","047","","","00000000","","CORN","CORN, GRAIN - YIELD, MEASURED IN BU / ACRE","TOTAL","NOT SPECIFIED","131.3",""
"SURVEY","2012","YEAR","","COUNTY","IOWA","19","WEST CENTRAL","40","GREENE","073","","","00000000","","CORN","CORN, GRAIN - YIELD, MEASURED IN BU / ACRE","TOTAL","NOT SPECIFIED","124.6",""
"SURVEY","2012","YEAR","","COUNTY","IOWA","19","WEST CENTRAL","40","GUTHRIE","077","","","00000000","","CORN","CORN, GRAIN - YIELD, MEASURED IN BU / ACRE","TOTAL","NOT SPECIFIED","113.4",""
"SURVEY","2012","YEAR","","COUNTY","IOWA","19","WEST CENTRAL","40","HARRISON","085","","","00000000","","CORN","CORN, GRAIN - YIELD, MEASURED IN BU / ACRE","TOTAL","NOT SPECIFIED","130.9",""
"SURVEY","2012","YEAR","","COUNTY","IOWA","19","WEST CENTRAL","40","IDA","093","","","00000000","","CORN","CORN, GRAIN - YIELD, MEASURED IN BU / ACRE","TOTAL","NOT SPECIFIED","151.4",""
"SURVEY","2012","YEAR","","COUNTY","IOWA","19","WEST CENTRAL","40","MONONA","133","","","00000000","","CORN","CORN, GRAIN - YIELD, MEASURED IN BU / ACRE","TOTAL","NOT SPECIFIED","115.1",""
"SURVEY","2012","YEAR","","COUNTY","IOWA","19","WEST CENTRAL","40","SAC","161","","","00000000","","CORN","CORN, GRAIN - YIELD, MEASURED IN BU / ACRE","TOTAL","NOT SPECIFIED","130.7",""
"SURVEY","2012","YEAR","","COUNTY","IOWA","19","WEST CENTRAL","40","SHELBY","165","","","00000000","","CORN","CORN, GRAIN - YIELD, MEASURED IN BU / ACRE","TOTAL","NOT SPECIFIED","137.8",""
"SURVEY","2012","YEAR","","COUNTY","IOWA","19","WEST CENTRAL","40","WOODBURY","193","","","00000000","","CORN","CORN, GRAIN - YIELD, MEASURED IN BU / ACRE","TOTAL","NOT SPECIFIED","134.8",""
"SURVEY","2011","YEAR","","COUNTY","IOWA","19","CENTRAL","50","BOONE","015","","","00000000","","CORN","CORN, GRAIN - YIELD, MEASURED IN BU / ACRE","TOTAL","NOT SPECIFIED","182.5",""
"SURVEY","2011","YEAR","","COUNTY","IOWA","19","CENTRAL","50","DALLAS","049","","","00000000","","CORN","CORN, GRAIN - YIELD, MEASURED IN BU / ACRE","TOTAL","NOT SPECIFIED","172.1",""
"SURVEY","2011","YEAR","","COUNTY","IOWA","19","CENTRAL","50","GRUNDY","075","","","00000000","","CORN","CORN, GRAIN - YIELD, MEASURED IN BU / ACRE","TOTAL","NOT SPECIFIED","172.8",""
"SURVEY","2011","YEAR","","COUNTY","IOWA","19","CENTRAL","50","HAMILTON","079","","","00000000","","CORN","CORN, GRAIN - YIELD, MEASURED IN BU / ACRE","TOTAL","NOT SPECIFIED","180.6",""
"SURVEY","2011","YEAR","","COUNTY","IOWA","19","CENTRAL","50","HARDIN","083","","","00000000","","CORN","CORN, GRAIN - YIELD, MEASURED IN BU / ACRE","TOTAL","NOT SPECIFIED","186.7",""
"SURVEY","2011","YEAR","","COUNTY","IOWA","19","CENTRAL","50","JASPER","099","","","00000000","","CORN","CORN, GRAIN - YIELD, MEASURED IN BU / ACRE","TOTAL","NOT SPECIFIED","171.1",""
"SURVEY","2011","YEAR","","COUNTY","IOWA","19","CENTRAL","50","MARSHALL","127","","","00000000","","CORN","CORN, GRAIN - YIELD, MEASURED IN BU / ACRE","TOTAL","NOT SPECIFIED","166.3",""
"SURVEY","2011","YEAR","","COUNTY","IOWA","19","CENTRAL","50","POLK","153","","","00000000","","CORN","CORN, GRAIN - YIELD, MEASURED IN BU / ACRE","TOTAL","NOT SPECIFIED","160.6",""
"SURVEY","2011","YEAR","","COUNTY","IOWA","19","CENTRAL","50","POWESHIEK","157","","","00000000","","CORN","CORN, GRAIN - YIELD, MEASURED IN BU / ACRE","TOTAL","NOT SPECIFIED","179",""
"SURVEY","2011","YEAR","","COUNTY","IOWA","19","CENTRAL","50","STORY","169","","","00000000","","CORN","CORN, GRAIN - YIELD, MEASURED IN BU / ACRE","TOTAL","NOT SPECIFIED","163.2",""
"SURVEY","2011","YEAR","","COUNTY","IOWA","19","CENTRAL","50","TAMA","171","","","00000000","","CORN","CORN, GRAIN - YIELD, MEASURED IN BU / ACRE","TOTAL","NOT SPECIFIED","162",""
"SURVEY","2011","YEAR","","COUNTY","IOWA","19","CENTRAL","50","WEBSTER","187","","","00000000","","CORN","CORN, GRAIN - YIELD, MEASURED IN BU / ACRE","TOTAL","NOT SPECIFIED","190.6",""
"SURVEY","2011","YEAR","","COUNTY","IOWA","19","EAST CENTRAL","60","BENTON","011","","","00000000","","CORN","CORN, GRAIN - YIELD, MEASURED IN BU / ACRE","TOTAL","NOT SPECIFIED","157.2",""
"SURVEY","2011","YEAR","","COUNTY","IOWA","19","EAST CENTRAL","60","CEDAR","031","","","00000000","","CORN","CORN, GRAIN - YIELD, MEASURED IN BU / ACRE","TOTAL","NOT SPECIFIED","184.9",""
"SURVEY","2011","YEAR","","COUNTY","IOWA","19","EAST CENTRAL","60","CLINTON","045","","","00000000","","CORN","CORN, GRAIN - YIELD, MEASURED IN BU / ACRE","TOTAL","NOT SPECIFIED","180",""
"SURVEY","2011","YEAR","","COUNTY","IOWA","19","EAST CENTRAL","60","IOWA","095","","","00000000","","CORN","CORN, GRAIN - YIELD, MEASURED IN BU / ACRE","TOTAL","NOT SPECIFIED","171.6",""
"SURVEY","2011","YEAR","","COUNTY","IOWA","19","EAST CENTRAL","60","JACKSON","097","","","00000000","","CORN","CORN, GRAIN - YIELD, MEASURED IN BU / ACRE","TOTAL","NOT SPECIFIED","178.3",""
"SURVEY","2011","YEAR","","COUNTY","IOWA","19","EAST CENTRAL","60","JOHNSON","103","","","00000000","","CORN","CORN, GRAIN - YIELD, MEASURED IN BU / ACRE","TOTAL","NOT SPECIFIED","171.9",""
"SURVEY","2011","YEAR","","COUNTY","IOWA","19","EAST CENTRAL","60","JONES","105","","","00000000","","CORN","CORN, GRAIN - YIELD, MEASURED IN BU / ACRE","TOTAL","NOT SPECIFIED","171.4",""
"SURVEY","2011","YEAR","","COUNTY","IOWA","19","EAST CENTRAL","60","LINN","113","","","00000000","","CORN","CORN, GRAIN - YIELD, MEASURED IN BU / ACRE","TOTAL","NOT SPECIFIED","169.1",""
"SURVEY","2011","YEAR","","COUNTY","IOWA","19","EAST CENTRAL","60","MUSCATINE","139","","","00000000","","CORN","CORN, GRAIN - YIELD, MEASURED IN BU / ACRE","TOTAL","NOT SPECIFIED","164.6",""
"SURVEY","2011","YEAR","","COUNTY","IOWA","19","EAST CENTRAL","60","SCOTT","163","","","00000000","","CORN","CORN, GRAIN - YIELD, MEASURED IN BU / ACRE","TOTAL","NOT SPECIFIED","174.2",""
"SURVEY","2011","YEAR","","COUNTY","IOWA","19","NORTH CENTRAL","20","BUTLER","023","","","00000000","","CORN","CORN, GRAIN - YIELD, MEASURED IN BU / ACRE","TOTAL","NOT SPECIFIED","186.7",""
"SURVEY","2011","YEAR","","COUNTY","IOWA","19","NORTH CENTRAL","20","CERRO GORDO","033","","","00000000","","CORN","CORN, GRAIN - YIELD, MEASURED IN BU / ACRE","TOTAL","NOT SPECIFIED","169.3",""
"SURVEY","2011","YEAR","","COUNTY","IOWA","19","NORTH CENTRAL","20","FLOYD","067","","","00000000","","CORN","CORN, GRAIN - YIELD, MEASURED IN BU / ACRE","TOTAL","NOT SPECIFIED","181.1",""
"SURVEY","2011","YEAR","","COUNTY","IOWA","19","NORTH CENTRAL","20","FRANKLIN","069","","","00000000","","CORN","CORN, GRAIN - YIELD, MEASURED IN BU / ACRE","TOTAL","NOT SPECIFIED","189.7",""
"SURVEY","2011","YEAR","","COUNTY","IOWA","19","NORTH CENTRAL","20","HANCOCK","081","","","00000000","","CORN","CORN, GRAIN - YIELD, MEASURED IN BU / ACRE","TOTAL","NOT SPECIFIED","179.8",""
"SURVEY","2011","YEAR","","COUNTY","IOWA","19","NORTH CENTRAL","20","HUMBOLDT","091","","","00000000","","CORN","CORN, GRAIN - YIELD, MEASURED IN BU / ACRE","TOTAL","NOT SPECIFIED","185.5",""
"SURVEY","2011","YEAR","","COUNTY","IOWA","19","NORTH CENTRAL","20","KOSSUTH","109","","","00000000","","CORN","CORN, GRAIN - YIELD, MEASURED IN BU / ACRE","TOTAL","NOT SPECIFIED","179.9",""
"SURVEY","2011","YEAR","","COUNTY","IOWA","19","NORTH CENTRAL","20","MITCHELL","131","","","00000000","","CORN","CORN, GRAIN - YIELD, MEASURED IN BU / ACRE","TOTAL","NOT SPECIFIED","180.1",""
"SURVEY","2011","YEAR","","COUNTY","IOWA","19","NORTH CENTRAL","20","WINNEBAGO","189","","","00000000","","CORN","CORN, GRAIN - YIELD, MEASURED IN BU / ACRE","TOTAL","NOT SPECIFIED","176.6",""
"SURVEY","2011","YEAR","","COUNTY","IOWA","19","NORTH CENTRAL","20","WORTH","195","","","00000000","","CORN","CORN, GRAIN - YIELD, MEASURED IN BU / ACRE","TOTAL","NOT SPECIFIED","173",""
"SURVEY","2011","YEAR","","COUNTY","IOWA","19","NORTH CENTRAL","20","WRIGHT","197","","","00000000","","CORN","CORN, GRAIN - YIELD, MEASURED IN BU / ACRE","TOTAL","NOT SPECIFIED","189.9",""
"SURVEY","2011","YEAR","","COUNTY","IOWA","19","NORTHEAST","30","ALLAMAKEE","005","","","00000000","","CORN","CORN, GRAIN - YIELD, MEASURED IN BU / ACRE","TOTAL","NOT SPECIFIED","173.3",""
"SURVEY","2011","YEAR","","COUNTY","IOWA","19","NORTHEAST","30","BLACK HAWK","013","","","00000000","","CORN","CORN, GRAIN - YIELD, MEASURED IN BU / ACRE","TOTAL","NOT SPECIFIED","186.1",""
"SURVEY","2011","YEAR","","COUNTY","IOWA","19","NORTHEAST","30","BREMER","017","","","00000000","","CORN","CORN, GRAIN - YIELD, MEASURED IN BU / ACRE","TOTAL","NOT SPECIFIED","196.5",""
"SURVEY","2011","YEAR","","COUNTY","IOWA","19","NORTHEAST","30","BUCHANAN","019","","","00000000","","CORN","CORN, GRAIN - YIELD, MEASURED IN BU / ACRE","TOTAL","NOT SPECIFIED","187",""
"SURVEY","2011","YEAR","","COUNTY","IOWA","19","NORTHEAST","30","CHICKASAW","037","","","00000000","","CORN","CORN, GRAIN - YIELD, MEASURED IN BU / ACRE","TOTAL","NOT SPECIFIED","188.8",""
"SURVEY","2011","YEAR","","COUNTY","IOWA","19","NORTHEAST","30","CLAYTON","043","","","00000000","","CORN","CORN, GRAIN - YIELD, MEASURED IN BU / ACRE","TOTAL","NOT SPECIFIED","186.8",""
"SURVEY","2011","YEAR","","COUNTY","IOWA","19","NORTHEAST","30","DELAWARE","055","","","00000000","","CORN","CORN, GRAIN - YIELD, MEASURED IN BU / ACRE","TOTAL","NOT SPECIFIED","186.5",""
"SURVEY","2011","YEAR","","COUNTY","IOWA","19","NORTHEAST","30","DUBUQUE","061","","","00000000","","CORN","CORN, GRAIN - YIELD, MEASURED IN BU / ACRE","TOTAL","NOT SPECIFIED","185.1",""
"SURVEY","2011","YEAR","","COUNTY","IOWA","19","NORTHEAST","30","FAYETTE","065","","","00000000","","CORN","CORN, GRAIN - YIELD, MEASURED IN BU / ACRE","TOTAL","NOT SPECIFIED","186.6",""
"SURVEY","2011","YEAR","","COUNTY","IOWA","19","NORTHEAST","30","HOWARD","089","","","00000000","","CORN","CORN, GRAIN - YIELD, MEASURED IN BU / ACRE","TOTAL","NOT SPECIFIED","185.8",""
"SURVEY","2011","YEAR","","COUNTY","IOWA","19","NORTHEAST","30","WINNESHIEK","191","","","00000000","","CORN","CORN, GRAIN - YIELD, MEASURED IN BU / ACRE","TOTAL","NOT SPECIFIED","186.2",""
"SURVEY","2011","YEAR","","COUNTY","IOWA","19","NORTHWEST","10","BUENA VISTA","021","","","00000000","","CORN","CORN, GRAIN - YIELD, MEASURED IN BU / ACRE","TOTAL","NOT SPECIFIED","180.2",""
"SURVEY","2011","YEAR","","COUNTY","IOWA","19","NORTHWEST","10","CHEROKEE","035","","","00000000","","CORN","CORN, GRAIN - YIELD, MEASURED IN BU / ACRE","TOTAL","NOT SPECIFIED","176.7",""
"SURVEY","2011","YEAR","","COUNTY","IOWA","19","NORTHWEST","10","CLAY","041","","","00000000","","CORN","CORN, GRAIN - YIELD, MEASURED IN BU / ACRE","TOTAL","NOT SPECIFIED","185.4",""
"SURVEY","2011","YEAR","","COUNTY","IOWA","19","NORTHWEST","10","DICKINSON","059","","","00000000","","CORN","CORN, GRAIN - YIELD, MEASURED IN BU / ACRE","TOTAL","NOT SPECIFIED","169.3",""
"SURVEY","2011","YEAR","","COUNTY","IOWA","19","NORTHWEST","10","EMMET","063","","","00000000","","CORN","CORN, GRAIN - YIELD, MEASURED IN BU / ACRE","TOTAL","NOT SPECIFIED","169.6",""
"SURVEY","2011","YEAR","","COUNTY","IOWA","19","NORTHWEST","10","LYON","119","","","00000000","","CORN","CORN, GRAIN - YIELD, MEASURED IN BU / ACRE","TOTAL","NOT SPECIFIED","185.4",""
"SURVEY","2011","YEAR","","COUNTY","IOWA","19","NORTHWEST","10","O BRIEN","141","","","00000000","","CORN","CORN, GRAIN - YIELD, MEASURED IN BU / ACRE","TOTAL","NOT SPECIFIED","185.1",""
"SURVEY","2011","YEAR","","COUNTY","IOWA","19","NORTHWEST","10","OSCEOLA","143","","","00000000","","CORN","CORN, GRAIN - YIELD, MEASURED IN BU / ACRE","TOTAL","NOT SPECIFIED","184.4",""
"SURVEY","2011","YEAR","","COUNTY","IOWA","19","NORTHWEST","10","PALO ALTO","147","","","00000000","","CORN","CORN, GRAIN - YIELD, MEASURED IN BU / ACRE","TOTAL","NOT SPECIFIED","174.6",""
"SURVEY","2011","YEAR","","COUNTY","IOWA","19","NORTHWEST","10","PLYMOUTH","149","","","00000000","","CORN","CORN, GRAIN - YIELD, MEASURED IN BU / ACRE","TOTAL","NOT SPECIFIED","164.5",""
"SURVEY","2011","YEAR","","COUNTY","IOWA","19","NORTHWEST","10","POCAHONTAS","151","","","00000000","","CORN","CORN, GRAIN - YIELD, MEASURED IN BU / ACRE","TOTAL","NOT SPECIFIED","181.2",""
"SURVEY","2011","YEAR","","COUNTY","IOWA","19","NORTHWEST","10","SIOUX","167","","","00000000","","CORN","CORN, GRAIN - YIELD, MEASURED IN BU / ACRE","TOTAL","NOT SPECIFIED","177.6",""
"SURVEY","2011","YEAR","","COUNTY","IOWA","19","SOUTH CENTRAL","80","APPANOOSE","007","","","00000000","","CORN","CORN, GRAIN - YIELD, MEASURED IN BU / ACRE","TOTAL","NOT SPECIFIED","120.1",""
"SURVEY","2011","YEAR","","COUNTY","IOWA","19","SOUTH CENTRAL","80","CLARKE","039","","","00000000","","CORN","CORN, GRAIN - YIELD, MEASURED IN BU / ACRE","TOTAL","NOT SPECIFIED","107.7",""
"SURVEY","2011","YEAR","","COUNTY","IOWA","19","SOUTH CENTRAL","80","DECATUR","053","","","00000000","","CORN","CORN, GRAIN - YIELD, MEASURED IN BU / ACRE","TOTAL","NOT SPECIFIED","126.1",""
"SURVEY","2011","YEAR","","COUNTY","IOWA","19","SOUTH CENTRAL","80","LUCAS","117","","","00000000","","CORN","CORN, GRAIN - YIELD, MEASURED IN BU / ACRE","TOTAL","NOT SPECIFIED","114.9",""
"SURVEY","2011","YEAR","","COUNTY","IOWA","19","SOUTH CENTRAL","80","MADISON","121","","","00000000","","CORN","CORN, GRAIN - YIELD, MEASURED IN BU / ACRE","TOTAL","NOT SPECIFIED","145.1",""
"SURVEY","2011","YEAR","","COUNTY","IOWA","19","SOUTH CENTRAL","80","MARION","125","","","00000000","","CORN","CORN, GRAIN - YIELD, MEASURED IN BU / ACRE","TOTAL","NOT SPECIFIED","152.6",""
"SURVEY","2011","YEAR","","COUNTY","IOWA","19","SOUTH CENTRAL","80","MONROE","135","","","00000000","","CORN","CORN, GRAIN - YIELD, MEASURED IN BU / ACRE","TOTAL","NOT SPECIFIED","112.5",""
"SURVEY","2011","YEAR","","COUNTY","IOWA","19","SOUTH CENTRAL","80","RINGGOLD","159","","","00000000","","CORN","CORN, GRAIN - YIELD, MEASURED IN BU / ACRE","TOTAL","NOT SPECIFIED","118.7",""
"SURVEY","2011","YEAR","","COUNTY","IOWA","19","SOUTH CENTRAL","80","UNION","175","","","00000000","","CORN","CORN, GRAIN - YIELD, MEASURED IN BU / ACRE","TOTAL","NOT SPECIFIED","132.6",""
"SURVEY","2011","YEAR","","COUNTY","IOWA","19","SOUTH CENTRAL","80","WARREN","181","","","00000000","","CORN","CORN, GRAIN - YIELD, MEASURED IN BU / ACRE","TOTAL","NOT SPECIFIED","129.1",""
"SURVEY","2011","YEAR","","COUNTY","IOWA","19","SOUTH CENTRAL","80","WAYNE","185","","","00000000","","CORN","CORN, GRAIN - YIELD, MEASURED IN BU / ACRE","TOTAL","NOT SPECIFIED","126",""
"SURVEY","2011","YEAR","","COUNTY","IOWA","19","SOUTHEAST","90","DAVIS","051","","","00000000","","CORN","CORN, GRAIN - YIELD, MEASURED IN BU / ACRE","TOTAL","NOT SPECIFIED","97.8",""
"SURVEY","2011","YEAR","","COUNTY","IOWA","19","SOUTHEAST","90","DES MOINES","057","","","00000000","","CORN","CORN, GRAIN - YIELD, MEASURED IN BU / ACRE","TOTAL","NOT SPECIFIED","146.6",""
"SURVEY","2011","YEAR","","COUNTY","IOWA","19","SOUTHEAST","90","HENRY","087","","","00000000","","CORN","CORN, GRAIN - YIELD, MEASURED IN BU / ACRE","TOTAL","NOT SPECIFIED","123.2",""
"SURVEY","2011","YEAR","","COUNTY","IOWA","19","SOUTHEAST","90","JEFFERSON","101","","","00000000","","CORN","CORN, GRAIN - YIELD, MEASURED IN BU / ACRE","TOTAL","NOT SPECIFIED","112.4",""
"SURVEY","2011","YEAR","","COUNTY","IOWA","19","SOUTHEAST","90","KEOKUK","107","","","00000000","","CORN","CORN, GRAIN - YIELD, MEASURED IN BU / ACRE","TOTAL","NOT SPECIFIED","152.4",""
"SURVEY","2011","YEAR","","COUNTY","IOWA","19","SOUTHEAST","90","LEE","111","","","00000000","","CORN","CORN, GRAIN - YIELD, MEASURED IN BU / ACRE","TOTAL","NOT SPECIFIED","105.2",""
"SURVEY","2011","YEAR","","COUNTY","IOWA","19","SOUTHEAST","90","LOUISA","115","","","00000000","","CORN","CORN, GRAIN - YIELD, MEASURED IN BU / ACRE","TOTAL","NOT SPECIFIED","148.9",""
"SURVEY","2011","YEAR","","COUNTY","IOWA","19","SOUTHEAST","90","MAHASKA","123","","","00000000","","CORN","CORN, GRAIN - YIELD, MEASURED IN BU / ACRE","TOTAL","NOT SPECIFIED","165",""
"SURVEY","2011","YEAR","","COUNTY","IOWA","19","SOUTHEAST","90","VAN BUREN","177","","","00000000","","CORN","CORN, GRAIN - YIELD, MEASURED IN BU / ACRE","TOTAL","NOT SPECIFIED","100.9",""
"SURVEY","2011","YEAR","","COUNTY","IOWA","19","SOUTHEAST","90","WAPELLO","179","","","00000000","","CORN","CORN, GRAIN - YIELD, MEASURED IN BU / ACRE","TOTAL","NOT SPECIFIED","127.3",""
"SURVEY","2011","YEAR","","COUNTY","IOWA","19","SOUTHEAST","90","WASHINGTON","183","","","00000000","","CORN","CORN, GRAIN - YIELD, MEASURED IN BU / ACRE","TOTAL","NOT SPECIFIED","156.3",""
"SURVEY","2011","YEAR","","COUNTY","IOWA","19","SOUTHWEST","70","ADAIR","001","","","00000000","","CORN","CORN, GRAIN - YIELD, MEASURED IN BU / ACRE","TOTAL","NOT SPECIFIED","152.8",""
"SURVEY","2011","YEAR","","COUNTY","IOWA","19","SOUTHWEST","70","ADAMS","003","","","00000000","","CORN","CORN, GRAIN - YIELD, MEASURED IN BU / ACRE","TOTAL","NOT SPECIFIED","151.7",""
"SURVEY","2011","YEAR","","COUNTY","IOWA","19","SOUTHWEST","70","CASS","029","","","00000000","","CORN","CORN, GRAIN - YIELD, MEASURED IN BU / ACRE","TOTAL","NOT SPECIFIED","175.2",""
"SURVEY","2011","YEAR","","COUNTY","IOWA","19","SOUTHWEST","70","FREMONT","071","","","00000000","","CORN","CORN, GRAIN - YIELD, MEASURED IN BU / ACRE","TOTAL","NOT SPECIFIED","155.6",""
"SURVEY","2011","YEAR","","COUNTY","IOWA","19","SOUTHWEST","70","MILLS","129","","","00000000","","CORN","CORN, GRAIN - YIELD, MEASURED IN BU / ACRE","TOTAL","NOT SPECIFIED","155",""
"SURVEY","2011","YEAR","","COUNTY","IOWA","19","SOUTHWEST","70","MONTGOMERY","137","","","00000000","","CORN","CORN, GRAIN - YIELD, MEASURED IN BU / ACRE","TOTAL","NOT SPECIFIED","153.2",""
"SURVEY","2011","YEAR","","COUNTY","IOWA","19","SOUTHWEST","70","PAGE","145","","","00000000","","CORN","CORN, GRAIN - YIELD, MEASURED IN BU / ACRE","TOTAL","NOT SPECIFIED","136.2",""
"SURVEY","2011","YEAR","","COUNTY","IOWA","19","SOUTHWEST","70","POTTAWATTAMIE","155","","","00000000","","CORN","CORN, GRAIN - YIELD, MEASURED IN BU / ACRE","TOTAL","NOT SPECIFIED","170.9",""
"SURVEY","2011","YEAR","","COUNTY","IOWA","19","SOUTHWEST","70","TAYLOR","173","","","00000000","","CORN","CORN, GRAIN - YIELD, MEASURED IN BU / ACRE","TOTAL","NOT SPECIFIED","140.5",""
"SURVEY","2011","YEAR","","COUNTY","IOWA","19","WEST CENTRAL","40","AUDUBON","009","","","00000000","","CORN","CORN, GRAIN - YIELD, MEASURED IN BU / ACRE","TOTAL","NOT SPECIFIED","176.6",""
"SURVEY","2011","YEAR","","COUNTY","IOWA","19","WEST CENTRAL","40","CALHOUN","025","","","00000000","","CORN","CORN, GRAIN - YIELD, MEASURED IN BU / ACRE","TOTAL","NOT SPECIFIED","181.9",""
"SURVEY","2011","YEAR","","COUNTY","IOWA","19","WEST CENTRAL","40","CARROLL","027","","","00000000","","CORN","CORN, GRAIN - YIELD, MEASURED IN BU / ACRE","TOTAL","NOT SPECIFIED","180.2",""
"SURVEY","2011","YEAR","","COUNTY","IOWA","19","WEST CENTRAL","40","CRAWFORD","047","","","00000000","","CORN","CORN, GRAIN - YIELD, MEASURED IN BU / ACRE","TOTAL","NOT SPECIFIED","181.8",""
"SURVEY","2011","YEAR","","COUNTY","IOWA","19","WEST CENTRAL","40","GREENE","073","","","00000000","","CORN","CORN, GRAIN - YIELD, MEASURED IN BU / ACRE","TOTAL","NOT SPECIFIED","183.4",""
"SURVEY","2011","YEAR","","COUNTY","IOWA","19","WEST CENTRAL","40","GUTHRIE","077","","","00000000","","CORN","CORN, GRAIN - YIELD, MEASURED IN BU / ACRE","TOTAL","NOT SPECIFIED","169.4",""
"SURVEY","2011","YEAR","","COUNTY","IOWA","19","WEST CENTRAL","40","HARRISON","085","","","00000000","","CORN","CORN, GRAIN - YIELD, MEASURED IN BU / ACRE","TOTAL","NOT SPECIFIED","169.9",""
"SURVEY","2011","YEAR","","COUNTY","IOWA","19","WEST CENTRAL","40","IDA","093","","","00000000","","CORN","CORN, GRAIN - YIELD, MEASURED IN BU / ACRE","TOTAL","NOT SPECIFIED","182.9",""
"SURVEY","2011","YEAR","","COUNTY","IOWA","19","WEST CENTRAL","40","MONONA","133","","","00000000","","CORN","CORN, GRAIN - YIELD, MEASURED IN BU / ACRE","TOTAL","NOT SPECIFIED","158.3",""
"SURVEY","2011","YEAR","","COUNTY","IOWA","19","WEST CENTRAL","40","SAC","161","","","00000000","","CORN","CORN, GRAIN - YIELD, MEASURED IN BU / ACRE","TOTAL","NOT SPECIFIED","183.4",""
"SURVEY","2011","YEAR","","COUNTY","IOWA","19","WEST CENTRAL","40","SHELBY","165","","","00000000","","CORN","CORN, GRAIN - YIELD, MEASURED IN BU / ACRE","TOTAL","NOT SPECIFIED","173.6",""
"SURVEY","2011","YEAR","","COUNTY","IOWA","19","WEST CENTRAL","40","WOODBURY","193","","","00000000","","CORN","CORN, GRAIN - YIELD, MEASURED IN BU / ACRE","TOTAL","NOT SPECIFIED","173.3",""
"SURVEY","2010","YEAR","","COUNTY","IOWA","19","CENTRAL","50","BOONE","015","","","00000000","","CORN","CORN, GRAIN - YIELD, MEASURED IN BU / ACRE","TOTAL","NOT SPECIFIED","162.5",""
"SURVEY","2010","YEAR","","COUNTY","IOWA","19","CENTRAL","50","DALLAS","049","","","00000000","","CORN","CORN, GRAIN - YIELD, MEASURED IN BU / ACRE","TOTAL","NOT SPECIFIED","141.9",""
"SURVEY","2010","YEAR","","COUNTY","IOWA","19","CENTRAL","50","GRUNDY","075","","","00000000","","CORN","CORN, GRAIN - YIELD, MEASURED IN BU / ACRE","TOTAL","NOT SPECIFIED","192.9",""
"SURVEY","2010","YEAR","","COUNTY","IOWA","19","CENTRAL","50","HAMILTON","079","","","00000000","","CORN","CORN, GRAIN - YIELD, MEASURED IN BU / ACRE","TOTAL","NOT SPECIFIED","169.6",""
"SURVEY","2010","YEAR","","COUNTY","IOWA","19","CENTRAL","50","HARDIN","083","","","00000000","","CORN","CORN, GRAIN - YIELD, MEASURED IN BU / ACRE","TOTAL","NOT SPECIFIED","185.8",""
"SURVEY","2010","YEAR","","COUNTY","IOWA","19","CENTRAL","50","JASPER","099","","","00000000","","CORN","CORN, GRAIN - YIELD, MEASURED IN BU / ACRE","TOTAL","NOT SPECIFIED","152.7",""
"SURVEY","2010","YEAR","","COUNTY","IOWA","19","CENTRAL","50","MARSHALL","127","","","00000000","","CORN","CORN, GRAIN - YIELD, MEASURED IN BU / ACRE","TOTAL","NOT SPECIFIED","183.3",""
"SURVEY","2010","YEAR","","COUNTY","IOWA","19","CENTRAL","50","POLK","153","","","00000000","","CORN","CORN, GRAIN - YIELD, MEASURED IN BU / ACRE","TOTAL","NOT SPECIFIED","139.4",""
"SURVEY","2010","YEAR","","COUNTY","IOWA","19","CENTRAL","50","POWESHIEK","157","","","00000000","","CORN","CORN, GRAIN - YIELD, MEASURED IN BU / ACRE","TOTAL","NOT SPECIFIED","153.2",""
"SURVEY","2010","YEAR","","COUNTY","IOWA","19","CENTRAL","50","STORY","169","","","00000000","","CORN","CORN, GRAIN - YIELD, MEASURED IN BU / ACRE","TOTAL","NOT SPECIFIED","163.9",""
"SURVEY","2010","YEAR","","COUNTY","IOWA","19","CENTRAL","50","TAMA","171","","","00000000","","CORN","CORN, GRAIN - YIELD, MEASURED IN BU / ACRE","TOTAL","NOT SPECIFIED","176.7",""
"SURVEY","2010","YEAR","","COUNTY","IOWA","19","CENTRAL","50","WEBSTER","187","","","00000000","","CORN","CORN, GRAIN - YIELD, MEASURED IN BU / ACRE","TOTAL","NOT SPECIFIED","168.4",""
"SURVEY","2010","YEAR","","COUNTY","IOWA","19","EAST CENTRAL","60","BENTON","011","","","00000000","","CORN","CORN, GRAIN - YIELD, MEASURED IN BU / ACRE","TOTAL","NOT SPECIFIED","179",""
"SURVEY","2010","YEAR","","COUNTY","IOWA","19","EAST CENTRAL","60","CEDAR","031","","","00000000","","CORN","CORN, GRAIN - YIELD, MEASURED IN BU / ACRE","TOTAL","NOT SPECIFIED","174.4",""
"SURVEY","2010","YEAR","","COUNTY","IOWA","19","EAST CENTRAL","60","CLINTON","045","","","00000000","","CORN","CORN, GRAIN - YIELD, MEASURED IN BU / ACRE","TOTAL","NOT SPECIFIED","171.2",""
"SURVEY","2010","YEAR","","COUNTY","IOWA","19","EAST CENTRAL","60","IOWA","095","","","00000000","","CORN","CORN, GRAIN - YIELD, MEASURED IN BU / ACRE","TOTAL","NOT SPECIFIED","158.5",""
"SURVEY","2010","YEAR","","COUNTY","IOWA","19","EAST CENTRAL","60","JACKSON","097","","","00000000","","CORN","CORN, GRAIN - YIELD, MEASURED IN BU / ACRE","TOTAL","NOT SPECIFIED","157.2",""
"SURVEY","2010","YEAR","","COUNTY","IOWA","19","EAST CENTRAL","60","JOHNSON","103","","","00000000","","CORN","CORN, GRAIN - YIELD, MEASURED IN BU / ACRE","TOTAL","NOT SPECIFIED","150.9",""
"SURVEY","2010","YEAR","","COUNTY","IOWA","19","EAST CENTRAL","60","JONES","105","","","00000000","","CORN","CORN, GRAIN - YIELD, MEASURED IN BU / ACRE","TOTAL","NOT SPECIFIED","168.9",""
"SURVEY","2010","YEAR","","COUNTY","IOWA","19","EAST CENTRAL","60","LINN","113","","","00000000","","CORN","CORN, GRAIN - YIELD, MEASURED IN BU / ACRE","TOTAL","NOT SPECIFIED","170.3",""
"SURVEY","2010","YEAR","","COUNTY","IOWA","19","EAST CENTRAL","60","MUSCATINE","139","","","00000000","","CORN","CORN, GRAIN - YIELD, MEASURED IN BU / ACRE","TOTAL","NOT SPECIFIED","144.8",""
"SURVEY","2010","YEAR","","COUNTY","IOWA","19","EAST CENTRAL","60","SCOTT","163","","","00000000","","CORN","CORN, GRAIN - YIELD, MEASURED IN BU / ACRE","TOTAL","NOT SPECIFIED","151.9",""
"SURVEY","2010","YEAR","","COUNTY","IOWA","19","NORTH CENTRAL","20","BUTLER","023","","","00000000","","CORN","CORN, GRAIN - YIELD, MEASURED IN BU / ACRE","TOTAL","NOT SPECIFIED","180.5",""
"SURVEY","2010","YEAR","","COUNTY","IOWA","19","NORTH CENTRAL","20","CERRO GORDO","033","","","00000000","","CORN","CORN, GRAIN - YIELD, MEASURED IN BU / ACRE","TOTAL","NOT SPECIFIED","173",""
"SURVEY","2010","YEAR","","COUNTY","IOWA","19","NORTH CENTRAL","20","FLOYD","067","","","00000000","","CORN","CORN, GRAIN - YIELD, MEASURED IN BU / ACRE","TOTAL","NOT SPECIFIED","177.8",""
"SURVEY","2010","YEAR","","COUNTY","IOWA","19","NORTH CENTRAL","20","FRANKLIN","069","","","00000000","","CORN","CORN, GRAIN - YIELD, MEASURED IN BU / ACRE","TOTAL","NOT SPECIFIED","168",""
"SURVEY","2010","YEAR","","COUNTY","IOWA","19","NORTH CENTRAL","20","HANCOCK","081","","","00000000","","CORN","CORN, GRAIN - YIELD, MEASURED IN BU / ACRE","TOTAL","NOT SPECIFIED","176.9",""
"SURVEY","2010","YEAR","","COUNTY","IOWA","19","NORTH CENTRAL","20","HUMBOLDT","091","","","00000000","","CORN","CORN, GRAIN - YIELD, MEASURED IN BU / ACRE","TOTAL","NOT SPECIFIED","153.2",""
"SURVEY","2010","YEAR","","COUNTY","IOWA","19","NORTH CENTRAL","20","KOSSUTH","109","","","00000000","","CORN","CORN, GRAIN - YIELD, MEASURED IN BU / ACRE","TOTAL","NOT SPECIFIED","184",""
"SURVEY","2010","YEAR","","COUNTY","IOWA","19","NORTH CENTRAL","20","MITCHELL","131","","","00000000","","CORN","CORN, GRAIN - YIELD, MEASURED IN BU / ACRE","TOTAL","NOT SPECIFIED","190.5",""
"SURVEY","2010","YEAR","","COUNTY","IOWA","19","NORTH CENTRAL","20","WINNEBAGO","189","","","00000000","","CORN","CORN, GRAIN - YIELD, MEASURED IN BU / ACRE","TOTAL","NOT SPECIFIED","184.1",""
"SURVEY","2010","YEAR","","COUNTY","IOWA","19","NORTH CENTRAL","20","WORTH","195","","","00000000","","CORN","CORN, GRAIN - YIELD, MEASURED IN BU / ACRE","TOTAL","NOT SPECIFIED","193.2",""
"SURVEY","2010","YEAR","","COUNTY","IOWA","19","NORTH CENTRAL","20","WRIGHT","197","","","00000000","","CORN","CORN, GRAIN - YIELD, MEASURED IN BU / ACRE","TOTAL","NOT SPECIFIED","150",""
"SURVEY","2010","YEAR","","COUNTY","IOWA","19","NORTHEAST","30","ALLAMAKEE","005","","","00000000","","CORN","CORN, GRAIN - YIELD, MEASURED IN BU / ACRE","TOTAL","NOT SPECIFIED","175.8",""
"SURVEY","2010","YEAR","","COUNTY","IOWA","19","NORTHEAST","30","BLACK HAWK","013","","","00000000","","CORN","CORN, GRAIN - YIELD, MEASURED IN BU / ACRE","TOTAL","NOT SPECIFIED","170.4",""
"SURVEY","2010","YEAR","","COUNTY","IOWA","19","NORTHEAST","30","BREMER","017","","","00000000","","CORN","CORN, GRAIN - YIELD, MEASURED IN BU / ACRE","TOTAL","NOT SPECIFIED","174.6",""
"SURVEY","2010","YEAR","","COUNTY","IOWA","19","NORTHEAST","30","BUCHANAN","019","","","00000000","","CORN","CORN, GRAIN - YIELD, MEASURED IN BU / ACRE","TOTAL","NOT SPECIFIED","167.5",""
"SURVEY","2010","YEAR","","COUNTY","IOWA","19","NORTHEAST","30","CHICKASAW","037","","","00000000","","CORN","CORN, GRAIN - YIELD, MEASURED IN BU / ACRE","TOTAL","NOT SPECIFIED","182",""
"SURVEY","2010","YEAR","","COUNTY","IOWA","19","NORTHEAST","30","CLAYTON","043","","","00000000","","CORN","CORN, GRAIN - YIELD, MEASURED IN BU / ACRE","TOTAL","NOT SPECIFIED","176.9",""
"SURVEY","2010","YEAR","","COUNTY","IOWA","19","NORTHEAST","30","DELAWARE","055","","","00000000","","CORN","CORN, GRAIN - YIELD, MEASURED IN BU / ACRE","TOTAL","NOT SPECIFIED","175.8",""
"SURVEY","2010","YEAR","","COUNTY","IOWA","19","NORTHEAST","30","DUBUQUE","061","","","00000000","","CORN","CORN, GRAIN - YIELD, MEASURED IN BU / ACRE","TOTAL","NOT SPECIFIED","170.4",""
"SURVEY","2010","YEAR","","COUNTY","IOWA","19","NORTHEAST","30","FAYETTE","065","","","00000000","","CORN","CORN, GRAIN - YIELD, MEASURED IN BU / ACRE","TOTAL","NOT SPECIFIED","166.5",""
"SURVEY","2010","YEAR","","COUNTY","IOWA","19","NORTHEAST","30","HOWARD","089","","","00000000","","CORN","CORN, GRAIN - YIELD, MEASURED IN BU / ACRE","TOTAL","NOT SPECIFIED","191.4",""
"SURVEY","2010","YEAR","","COUNTY","IOWA","19","NORTHEAST","30","WINNESHIEK","191","","","00000000","","CORN","CORN, GRAIN - YIELD, MEASURED IN BU / ACRE","TOTAL","NOT SPECIFIED","190.5",""
"SURVEY","2010","YEAR","","COUNTY","IOWA","19","NORTHWEST","10","BUENA VISTA","021","","","00000000","","CORN","CORN, GRAIN - YIELD, MEASURED IN BU / ACRE","TOTAL","NOT SPECIFIED","178.3",""
"SURVEY","2010","YEAR","","COUNTY","IOWA","19","NORTHWEST","10","CHEROKEE","035","","","00000000","","CORN","CORN, GRAIN - YIELD, MEASURED IN BU / ACRE","TOTAL","NOT SPECIFIED","186.9",""
"SURVEY","2010","YEAR","","COUNTY","IOWA","19","NORTHWEST","10","CLAY","041","","","00000000","","CORN","CORN, GRAIN - YIELD, MEASURED IN BU / ACRE","TOTAL","NOT SPECIFIED","177.6",""
"SURVEY","2010","YEAR","","COUNTY","IOWA","19","NORTHWEST","10","DICKINSON","059","","","00000000","","CORN","CORN, GRAIN - YIELD, MEASURED IN BU / ACRE","TOTAL","NOT SPECIFIED","181",""
"SURVEY","2010","YEAR","","COUNTY","IOWA","19","NORTHWEST","10","EMMET","063","","","00000000","","CORN","CORN, GRAIN - YIELD, MEASURED IN BU / ACRE","TOTAL","NOT SPECIFIED","183.1",""
"SURVEY","2010","YEAR","","COUNTY","IOWA","19","NORTHWEST","10","LYON","119","","","00000000","","CORN","CORN, GRAIN - YIELD, MEASURED IN BU / ACRE","TOTAL","NOT SPECIFIED","195.2",""
"SURVEY","2010","YEAR","","COUNTY","IOWA","19","NORTHWEST","10","O BRIEN","141","","","00000000","","CORN","CORN, GRAIN - YIELD, MEASURED IN BU / ACRE","TOTAL","NOT SPECIFIED","190.7",""
"SURVEY","2010","YEAR","","COUNTY","IOWA","19","NORTHWEST","10","OSCEOLA","143","","","00000000","","CORN","CORN, GRAIN - YIELD, MEASURED IN BU / ACRE","TOTAL","NOT SPECIFIED","192.7",""
"SURVEY","2010","YEAR","","COUNTY","IOWA","19","NORTHWEST","10","PALO ALTO","147","","","00000000","","CORN","CORN, GRAIN - YIELD, MEASURED IN BU / ACRE","TOTAL","NOT SPECIFIED","174",""
"SURVEY","2010","YEAR","","COUNTY","IOWA","19","NORTHWEST","10","PLYMOUTH","149","","","00000000","","CORN","CORN, GRAIN - YIELD, MEASURED IN BU / ACRE","TOTAL","NOT SPECIFIED","184.7",""
"SURVEY","2010","YEAR","","COUNTY","IOWA","19","NORTHWEST","10","POCAHONTAS","151","","","00000000","","CORN","CORN, GRAIN - YIELD, MEASURED IN BU / ACRE","TOTAL","NOT SPECIFIED","172.6",""
"SURVEY","2010","YEAR","","COUNTY","IOWA","19","NORTHWEST","10","SIOUX","167","","","00000000","","CORN","CORN, GRAIN - YIELD, MEASURED IN BU / ACRE","TOTAL","NOT SPECIFIED","196.5",""
"SURVEY","2010","YEAR","","COUNTY","IOWA","19","SOUTH CENTRAL","80","APPANOOSE","007","","","00000000","","CORN","CORN, GRAIN - YIELD, MEASURED IN BU / ACRE","TOTAL","NOT SPECIFIED","75.2",""
"SURVEY","2010","YEAR","","COUNTY","IOWA","19","SOUTH CENTRAL","80","CLARKE","039","","","00000000","","CORN","CORN, GRAIN - YIELD, MEASURED IN BU / ACRE","TOTAL","NOT SPECIFIED","84.5",""
"SURVEY","2010","YEAR","","COUNTY","IOWA","19","SOUTH CENTRAL","80","DECATUR","053","","","00000000","","CORN","CORN, GRAIN - YIELD, MEASURED IN BU / ACRE","TOTAL","NOT SPECIFIED","94.3",""
"SURVEY","2010","YEAR","","COUNTY","IOWA","19","SOUTH CENTRAL","80","LUCAS","117","","","00000000","","CORN","CORN, GRAIN - YIELD, MEASURED IN BU / ACRE","TOTAL","NOT SPECIFIED","71.2",""
"SURVEY","2010","YEAR","","COUNTY","IOWA","19","SOUTH CENTRAL","80","MADISON","121","","","00000000","","CORN","CORN, GRAIN - YIELD, MEASURED IN BU / ACRE","TOTAL","NOT SPECIFIED","124.6",""
"SURVEY","2010","YEAR","","COUNTY","IOWA","19","SOUTH CENTRAL","80","MARION","125","","","00000000","","CORN","CORN, GRAIN - YIELD, MEASURED IN BU / ACRE","TOTAL","NOT SPECIFIED","112.7",""
"SURVEY","2010","YEAR","","COUNTY","IOWA","19","SOUTH CENTRAL","80","MONROE","135","","","00000000","","CORN","CORN, GRAIN - YIELD, MEASURED IN BU / ACRE","TOTAL","NOT SPECIFIED","77.4",""
"SURVEY","2010","YEAR","","COUNTY","IOWA","19","SOUTH CENTRAL","80","RINGGOLD","159","","","00000000","","CORN","CORN, GRAIN - YIELD, MEASURED IN BU / ACRE","TOTAL","NOT SPECIFIED","94.1",""
"SURVEY","2010","YEAR","","COUNTY","IOWA","19","SOUTH CENTRAL","80","UNION","175","","","00000000","","CORN","CORN, GRAIN - YIELD, MEASURED IN BU / ACRE","TOTAL","NOT SPECIFIED","113.2",""
"SURVEY","2010","YEAR","","COUNTY","IOWA","19","SOUTH CENTRAL","80","WARREN","181","","","00000000","","CORN","CORN, GRAIN - YIELD, MEASURED IN BU / ACRE","TOTAL","NOT SPECIFIED","102.4",""
"SURVEY","2010","YEAR","","COUNTY","IOWA","19","SOUTH CENTRAL","80","WAYNE","185","","","00000000","","CORN","CORN, GRAIN - YIELD, MEASURED IN BU / ACRE","TOTAL","NOT SPECIFIED","73.1",""
"SURVEY","2010","YEAR","","COUNTY","IOWA","19","SOUTHEAST","90","DAVIS","051","","","00000000","","CORN","CORN, GRAIN - YIELD, MEASURED IN BU / ACRE","TOTAL","NOT SPECIFIED","84",""
"SURVEY","2010","YEAR","","COUNTY","IOWA","19","SOUTHEAST","90","DES MOINES","057","","","00000000","","CORN","CORN, GRAIN - YIELD, MEASURED IN BU / ACRE","TOTAL","NOT SPECIFIED","112.1",""
"SURVEY","2010","YEAR","","COUNTY","IOWA","19","SOUTHEAST","90","HENRY","087","","","00000000","","CORN","CORN, GRAIN - YIELD, MEASURED IN BU / ACRE","TOTAL","NOT SPECIFIED","109",""
"SURVEY","2010","YEAR","","COUNTY","IOWA","19","SOUTHEAST","90","JEFFERSON","101","","","00000000","","CORN","CORN, GRAIN - YIELD, MEASURED IN BU / ACRE","TOTAL","NOT SPECIFIED","98.5",""
"SURVEY","2010","YEAR","","COUNTY","IOWA","19","SOUTHEAST","90","KEOKUK","107","","","00000000","","CORN","CORN, GRAIN - YIELD, MEASURED IN BU / ACRE","TOTAL","NOT SPECIFIED","111.2",""
"SURVEY","2010","YEAR","","COUNTY","IOWA","19","SOUTHEAST","90","LEE","111","","","00000000","","CORN","CORN, GRAIN - YIELD, MEASURED IN BU / ACRE","TOTAL","NOT SPECIFIED","103.2",""
"SURVEY","2010","YEAR","","COUNTY","IOWA","19","SOUTHEAST","90","LOUISA","115","","","00000000","","CORN","CORN, GRAIN - YIELD, MEASURED IN BU / ACRE","TOTAL","NOT SPECIFIED","125.1",""
"SURVEY","2010","YEAR","","COUNTY","IOWA","19","SOUTHEAST","90","MAHASKA","123","","","00000000","","CORN","CORN, GRAIN - YIELD, MEASURED IN BU / ACRE","TOTAL","NOT SPECIFIED","116.6",""
"SURVEY","2010","YEAR","","COUNTY","IOWA","19","SOUTHEAST","90","VAN BUREN","177","","","00000000","","CORN","CORN, GRAIN - YIELD, MEASURED IN BU / ACRE","TOTAL","NOT SPECIFIED","90.8",""
"SURVEY","2010","YEAR","","COUNTY","IOWA","19","SOUTHEAST","90","WAPELLO","179","","","00000000","","CORN","CORN, GRAIN - YIELD, MEASURED IN BU / ACRE","TOTAL","NOT SPECIFIED","100.2",""
"SURVEY","2010","YEAR","","COUNTY","IOWA","19","SOUTHEAST","90","WASHINGTON","183","","","00000000","","CORN","CORN, GRAIN - YIELD, MEASURED IN BU / ACRE","TOTAL","NOT SPECIFIED","132.5",""
"SURVEY","2010","YEAR","","COUNTY","IOWA","19","SOUTHWEST","70","ADAIR","001","","","00000000","","CORN","CORN, GRAIN - YIELD, MEASURED IN BU / ACRE","TOTAL","NOT SPECIFIED","139.1",""
"SURVEY","2010","YEAR","","COUNTY","IOWA","19","SOUTHWEST","70","ADAMS","003","","","00000000","","CORN","CORN, GRAIN - YIELD, MEASURED IN BU / ACRE","TOTAL","NOT SPECIFIED","139.3",""
"SURVEY","2010","YEAR","","COUNTY","IOWA","19","SOUTHWEST","70","CASS","029","","","00000000","","CORN","CORN, GRAIN - YIELD, MEASURED IN BU / ACRE","TOTAL","NOT SPECIFIED","155.1",""
"SURVEY","2010","YEAR","","COUNTY","IOWA","19","SOUTHWEST","70","FREMONT","071","","","00000000","","CORN","CORN, GRAIN - YIELD, MEASURED IN BU / ACRE","TOTAL","NOT SPECIFIED","152.7",""
"SURVEY","2010","YEAR","","COUNTY","IOWA","19","SOUTHWEST","70","MILLS","129","","","00000000","","CORN","CORN, GRAIN - YIELD, MEASURED IN BU / ACRE","TOTAL","NOT SPECIFIED","160.2",""
"SURVEY","2010","YEAR","","COUNTY","IOWA","19","SOUTHWEST","70","MONTGOMERY","137","","","00000000","","CORN","CORN, GRAIN - YIELD, MEASURED IN BU / ACRE","TOTAL","NOT SPECIFIED","157",""
"SURVEY","2010","YEAR","","COUNTY","IOWA","19","SOUTHWEST","70","PAGE","145","","","00000000","","CORN","CORN, GRAIN - YIELD, MEASURED IN BU / ACRE","TOTAL","NOT SPECIFIED","150.1",""
"SURVEY","2010","YEAR","","COUNTY","IOWA","19","SOUTHWEST","70","POTTAWATTAMIE","155","","","00000000","","CORN","CORN, GRAIN - YIELD, MEASURED IN BU / ACRE","TOTAL","NOT SPECIFIED","164.8",""
"SURVEY","2010","YEAR","","COUNTY","IOWA","19","SOUTHWEST","70","TAYLOR","173","","","00000000","","CORN","CORN, GRAIN - YIELD, MEASURED IN BU / ACRE","TOTAL","NOT SPECIFIED","122.2",""
"SURVEY","2010","YEAR","","COUNTY","IOWA","19","WEST CENTRAL","40","AUDUBON","009","","","00000000","","CORN","CORN, GRAIN - YIELD, MEASURED IN BU / ACRE","TOTAL","NOT SPECIFIED","160.3",""
"SURVEY","2010","YEAR","","COUNTY","IOWA","19","WEST CENTRAL","40","CALHOUN","025","","","00000000","","CORN","CORN, GRAIN - YIELD, MEASURED IN BU / ACRE","TOTAL","NOT SPECIFIED","173.3",""
"SURVEY","2010","YEAR","","COUNTY","IOWA","19","WEST CENTRAL","40","CARROLL","027","","","00000000","","CORN","CORN, GRAIN - YIELD, MEASURED IN BU / ACRE","TOTAL","NOT SPECIFIED","182",""
"SURVEY","2010","YEAR","","COUNTY","IOWA","19","WEST CENTRAL","40","CRAWFORD","047","","","00000000","","CORN","CORN, GRAIN - YIELD, MEASURED IN BU / ACRE","TOTAL","NOT SPECIFIED","185.8",""
"SURVEY","2010","YEAR","","COUNTY","IOWA","19","WEST CENTRAL","40","GREENE","073","","","00000000","","CORN","CORN, GRAIN - YIELD, MEASURED IN BU / ACRE","TOTAL","NOT SPECIFIED","167.3",""
"SURVEY","2010","YEAR","","COUNTY","IOWA","19","WEST CENTRAL","40","GUTHRIE","077","","","00000000","","CORN","CORN, GRAIN - YIELD, MEASURED IN BU / ACRE","TOTAL","NOT SPECIFIED","141.3",""
"SURVEY","2010","YEAR","","COUNTY","IOWA","19","WEST CENTRAL","40","HARRISON","085","","","00000000","","CORN","CORN, GRAIN - YIELD, MEASURED IN BU / ACRE","TOTAL","NOT SPECIFIED","159.4",""
"SURVEY","2010","YEAR","","COUNTY","IOWA","19","WEST CENTRAL","40","IDA","093","","","00000000","","CORN","CORN, GRAIN - YIELD, MEASURED IN BU / ACRE","TOTAL","NOT SPECIFIED","191.8",""
"SURVEY","2010","YEAR","","COUNTY","IOWA","19","WEST CENTRAL","40","MONONA","133","","","00000000","","CORN","CORN, GRAIN - YIELD, MEASURED IN BU / ACRE","TOTAL","NOT SPECIFIED","168.7",""
"SURVEY","2010","YEAR","","COUNTY","IOWA","19","WEST CENTRAL","40","SAC","161","","","00000000","","CORN","CORN, GRAIN - YIELD, MEASURED IN BU / ACRE","TOTAL","NOT SPECIFIED","189.7",""
"SURVEY","2010","YEAR","","COUNTY","IOWA","19","WEST CENTRAL","40","SHELBY","165","","","00000000","","CORN","CORN, GRAIN - YIELD, MEASURED IN BU / ACRE","TOTAL","NOT SPECIFIED","171.6",""
"SURVEY","2010","YEAR","","COUNTY","IOWA","19","WEST CENTRAL","40","WOODBURY","193","","","00000000","","CORN","CORN, GRAIN - YIELD, MEASURED IN BU / ACRE","TOTAL","NOT SPECIFIED","164.3",""
